KOR,MATH,GRADE
20,53,C
87,66,A
84,88,A
59,26,B
34,33,C
14,26,C
18,99,B
68,37,B
88,14,B
35,13,C
82,96,A
64,66,B
43,16,C
27,60,B
38,28,C
11,29,C
35,87,B
58,82,A
39,95,B
46,54,B
94,59,A
92,38,B
84,64,A
37,86,B
50,26,C
23,14,C
40,41,B
82,67,A
56,71,B
97,49,A
95,43,B
69,10,C
24,13,C
52,30,B
24,25,C
31,16,C
84,65,A
23,40,C
91,46,B
29,33,C
60,98,A
15,18,C
86,63,A
75,38,B
74,71,A
66,71,B
76,42,B
32,38,C
51,21,C
14,50,C
78,95,A
14,57,C
25,67,B
50,18,C
37,72,B
29,82,B
26,70,B
74,60,B
58,88,A
77,67,A
99,31,B
89,77,A
89,30,B
13,33,C
36,14,C
45,15,C
24,73,B
46,49,B
45,58,B
100,26,B
81,85,A
55,88,A
56,53,B
72,42,B
32,77,B
38,87,B
38,73,B
40,49,B
58,62,B
39,41,B
89,82,A
90,95,A
44,93,B
74,100,A
55,47,B
86,62,A
83,79,A
10,87,B
64,25,B
69,89,A
90,98,A
44,70,B
28,54,B
49,80,B
11,62,C
28,16,C
42,26,C
59,73,B
24,30,C
13,17,C
34,65,B
71,38,B
72,26,B
61,93,A
32,19,C
21,69,B
10,10,C
33,85,B
99,100,A
36,45,B
18,45,C
25,23,C
50,96,A
20,76,B
68,21,B
51,43,B
72,16,B
10,35,C
43,57,B
54,75,B
87,21,B
40,81,B
52,65,B
38,24,C
63,67,B
60,88,A
18,65,B
18,54,C
88,77,A
73,34,B
30,34,C
99,66,A
40,88,B
65,34,B
45,12,C
100,21,B
19,78,B
58,32,B
91,84,A
28,71,B
39,90,B
36,42,C
34,39,C
44,73,B
11,26,C
65,94,A
65,66,B
32,94,B
20,14,C
74,64,B
44,77,B
35,83,B
100,67,A
21,81,B
52,68,B
96,74,A
43,83,B
85,99,A
19,19,C
72,24,B
96,12,B
38,83,B
92,30,B
46,67,B
53,33,B
70,46,B
93,61,A
49,93,A
53,97,A
35,48,B
13,69,B
99,40,B
96,23,B
74,99,A
32,90,B
10,35,C
88,72,A
93,56,A
19,28,C
20,61,B
32,31,C
97,33,B
100,64,A
87,32,B
89,85,A
92,26,B
21,73,B
36,88,B
96,79,A
21,62,B
94,54,A
50,52,B
53,15,C
42,13,C
52,54,B
74,90,A
44,23,C
47,20,C
44,44,B
48,39,B
21,62,B
85,55,A
21,81,B
14,23,C
90,97,A
23,92,B
46,14,C
38,51,B
82,89,A
81,30,B
56,61,B
58,99,A
70,72,A
95,19,B
84,17,B
49,98,A
81,95,A
76,23,B
16,92,B
24,19,C
55,25,B
17,60,C
57,73,B
49,20,C
64,41,B
83,57,A
98,70,A
81,84,A
60,76,B
18,68,B
32,67,B
27,93,B
100,64,A
52,56,B
59,53,B
26,11,C
37,62,B
54,17,C
38,65,B
30,75,B
56,28,B
22,32,C
10,20,C
10,98,B
49,33,B
82,45,B
27,85,B
49,11,C
25,90,B
52,26,C
52,95,A
12,52,C
72,35,B
40,91,B
96,15,B
46,67,B
33,67,B
88,73,A
10,72,B
19,90,B
21,65,B
67,34,B
85,49,B
33,28,C
95,10,B
74,95,A
91,87,A
24,96,B
98,65,A
97,17,B
80,85,A
88,77,A
71,32,B
93,99,A
80,87,A
55,46,B
47,14,C
18,28,C
34,21,C
22,87,B
22,23,C
36,77,B
11,14,C
98,41,B
95,81,A
45,45,B
87,65,A
91,95,A
67,42,B
37,56,B
89,62,A
83,71,A
39,55,B
22,24,C
74,18,B
31,77,B
90,91,A
41,65,B
84,63,A
39,82,B
43,18,C
82,87,A
65,73,B
74,55,B
40,96,B
85,81,A
51,43,B
84,47,B
95,22,B
75,68,A
95,73,A
94,18,B
56,46,B
55,79,B
90,33,B
49,60,B
18,20,C
41,97,B
61,100,A
68,28,B
97,24,B
74,59,B
66,65,B
71,81,A
66,21,B
14,85,B
74,80,A
81,39,B
69,33,B
35,89,B
41,99,A
32,57,B
61,59,B
43,40,B
46,46,B
15,15,C
15,14,C
72,14,B
30,72,B
98,36,B
42,32,C
35,50,B
18,78,B
96,78,A
42,96,B
31,20,C
86,53,B
99,54,A
52,26,C
69,17,B
89,91,A
72,63,B
36,46,B
53,13,C
71,77,A
78,15,B
43,49,B
95,54,A
32,24,C
63,16,C
14,68,B
36,41,C
60,55,B
12,55,C
53,57,B
24,25,C
39,19,C
79,43,B
74,20,B
52,47,B
79,24,B
18,93,B
63,21,B
69,82,A
87,36,B
99,88,A
15,78,B
95,50,A
71,40,B
24,74,B
100,84,A
60,22,B
18,29,C
15,68,B
34,82,B
91,68,A
31,100,B
84,15,B
34,83,B
83,83,A
61,69,B
17,44,C
96,98,A
58,77,B
59,59,B
53,89,A
98,15,B
17,31,C
13,44,C
27,51,C
29,20,C
31,67,B
10,73,B
79,56,B
60,70,B
13,60,C
75,93,A
64,45,B
56,40,B
65,96,A
95,11,B
29,55,B
40,49,B
87,37,B
83,49,B
10,51,C
85,43,B
78,48,B
58,89,A
42,61,B
78,94,A
26,50,C
18,14,C
21,61,B
57,11,C
42,57,B
72,16,B
57,19,C
52,63,B
71,83,A
82,27,B
69,92,A
51,15,C
14,44,C
39,70,B
18,67,B
11,79,B
96,11,B
96,72,A
23,31,C
50,61,B
99,40,B
26,64,B
95,10,B
22,50,C
86,55,A
67,62,B
88,99,A
55,19,C
57,10,C
31,25,C
27,21,C
56,88,A
12,29,C
45,61,B
15,79,B
41,31,C
79,10,B
78,72,A
41,97,B
83,12,B
36,43,C
79,20,B
65,17,B
54,41,B
53,21,C
11,18,C
51,30,B
51,36,B
100,64,A
21,34,C
38,53,B
31,48,C
64,61,B
47,10,C
47,92,B
10,63,C
26,15,C
27,55,B
71,10,B
17,48,C
81,75,A
72,77,A
31,91,B
45,39,B
66,26,B
69,38,B
11,89,B
62,92,A
85,44,B
84,37,B
93,15,B
72,33,B
71,62,B
57,55,B
86,71,A
45,91,B
53,15,C
52,88,A
85,16,B
85,52,B
80,71,A
34,54,B
94,92,A
56,25,B
97,70,A
100,98,A
45,49,B
35,12,C
41,36,C
82,45,B
77,29,B
78,97,A
45,11,C
97,39,B
86,45,B
61,30,B
11,86,B
36,100,B
40,64,B
57,76,B
24,59,B
47,54,B
56,69,B
53,10,C
55,59,B
69,98,A
66,12,C
40,43,B
13,41,C
57,99,A
16,22,C
74,23,B
32,58,B
74,70,A
73,23,B
91,83,A
66,36,B
65,64,B
36,84,B
18,59,C
64,69,B
96,28,B
29,91,B
31,76,B
79,97,A
29,94,B
51,97,A
62,47,B
63,78,A
90,42,B
44,44,B
95,71,A
93,72,A
78,32,B
91,84,A
29,33,C
82,97,A
75,13,B
33,53,B
40,77,B
24,42,C
89,21,B
77,69,A
61,25,B
97,78,A
37,20,C
72,54,B
69,74,A
89,31,B
100,92,A
47,13,C
96,71,A
68,64,B
94,24,B
49,81,B
11,14,C
87,41,B
57,81,B
45,29,C
63,31,B
20,76,B
96,58,A
15,92,B
78,24,B
25,38,C
70,33,B
29,27,C
97,15,B
52,81,B
44,85,B
63,36,B
58,45,B
47,24,C
72,65,B
39,34,C
37,98,B
44,15,C
44,78,B
38,99,B
15,17,C
75,28,B
36,26,C
23,61,B
12,65,C
45,10,C
72,71,A
23,42,C
86,29,B
98,100,A
89,97,A
66,94,A
50,40,B
17,84,B
48,55,B
19,75,B
95,59,A
75,69,A
93,11,B
51,79,B
48,10,C
26,48,C
43,50,B
30,47,C
93,21,B
99,23,B
28,33,C
83,30,B
35,57,B
99,13,B
74,43,B
35,78,B
54,30,B
76,31,B
58,22,B
14,93,B
25,89,B
63,67,B
24,83,B
86,41,B
24,99,B
84,88,A
22,26,C
22,24,C
26,59,B
12,23,C
63,33,B
60,72,B
67,76,A
88,24,B
88,97,A
74,71,A
80,31,B
45,44,B
15,71,B
83,58,A
37,76,B
60,39,B
85,39,B
33,67,B
74,48,B
10,86,B
57,27,B
96,81,A
56,70,B
20,44,C
83,40,B
12,17,C
21,10,C
65,73,B
92,73,A
80,67,A
17,57,C
76,95,A
98,27,B
68,10,C
98,65,A
42,40,B
93,40,B
81,38,B
29,51,B
80,36,B
76,13,B
100,83,A
64,21,B
65,76,A
48,59,B
99,55,A
27,69,B
87,46,B
94,71,A
51,61,B
66,100,A
22,95,B
37,98,B
91,53,A
23,80,B
70,26,B
84,55,B
47,65,B
91,90,A
64,54,B
92,92,A
80,37,B
39,11,C
26,38,C
97,93,A
24,52,C
37,45,B
55,43,B
69,25,B
25,73,B
21,23,C
62,13,C
92,37,B
22,39,C
40,86,B
48,93,A
88,36,B
59,29,B
85,48,B
41,32,C
69,30,B
45,65,B
38,78,B
54,53,B
74,42,B
75,66,A
42,40,B
10,30,C
78,26,B
14,99,B
55,91,A
58,52,B
34,35,C
43,14,C
29,55,B
22,63,B
51,91,A
31,64,B
62,25,B
67,35,B
12,42,C
18,15,C
100,14,B
65,39,B
72,68,A
12,66,C
20,26,C
29,15,C
62,79,A
46,99,A
81,51,B
56,63,B
23,76,B
42,92,B
20,64,B
37,65,B
68,95,A
49,71,B
75,11,B
100,89,A
31,28,C
47,24,C
32,41,C
23,94,B
97,10,B
24,68,B
88,16,B
68,70,B
64,41,B
70,37,B
26,84,B
64,56,B
94,18,B
26,58,B
78,77,A
59,51,B
13,47,C
97,54,A
93,96,A
49,92,A
39,16,C
23,62,B
34,59,B
12,35,C
94,85,A
81,43,B
94,46,A
21,77,B
69,62,B
61,25,B
44,93,B
27,19,C
50,51,B
57,99,A
15,87,B
80,93,A
54,77,B
90,23,B
16,43,C
94,51,A
68,48,B
81,22,B
67,74,A
20,31,C
90,62,A
36,64,B
29,82,B
60,49,B
13,60,C
43,82,B
72,82,A
50,94,A
48,24,C
95,39,B
13,15,C
13,90,B
33,17,C
100,23,B
63,96,A
31,20,C
61,62,B
24,95,B
84,30,B
72,73,A
50,30,B
52,49,B
96,67,A
100,26,B
97,78,A
12,98,B
30,21,C
20,92,B
38,28,C
16,88,B
52,40,B
86,93,A
60,26,B
43,16,C
66,89,A
31,33,C
53,89,A
33,34,C
31,47,C
32,42,C
12,19,C
55,71,B
71,60,B
83,79,A
86,20,B
55,73,B
64,75,B
62,93,A
79,22,B
82,28,B
57,90,A
83,66,A
16,14,C
99,54,A
76,18,B
96,46,A
65,52,B
14,56,C
67,95,A
41,14,C
89,87,A
87,42,B
32,67,B
86,49,B
54,25,C
96,79,A
81,87,A
58,98,A
37,62,B
41,27,C
38,77,B
51,61,B
98,60,A
82,27,B
59,30,B
17,93,B
93,70,A
38,97,B
48,70,B
51,65,B
60,10,C
75,38,B
52,46,B
12,44,C
95,96,A
55,23,C
33,98,B
74,34,B
68,70,B
42,38,B
72,32,B
44,66,B
16,82,B
74,44,B
50,43,B
47,94,A
100,12,B
53,17,C
45,49,B
78,52,B
74,23,B
24,75,B
66,27,B
65,54,B
25,96,B
44,96,A
35,99,B
59,50,B
46,63,B
56,83,B
98,55,A
66,30,B
93,42,B
68,17,B
18,43,C
84,75,A
91,68,A
97,67,A
42,16,C
99,46,A
22,50,C
84,82,A
93,54,A
22,18,C
99,13,B
59,22,B
10,28,C
82,33,B
78,68,A
27,55,B
54,43,B
86,25,B
23,83,B
44,69,B
78,100,A
19,90,B
13,49,C
63,37,B
57,17,C
60,61,B
18,92,B
11,66,C
80,58,B
65,72,B
78,41,B
11,87,B
44,92,B
61,45,B
75,52,B
83,90,A
24,37,C
28,28,C
10,89,B
74,74,A
17,21,C
44,24,C
85,92,A
25,11,C
45,37,B
62,41,B
69,71,A
22,88,B
75,73,A
98,65,A
72,22,B
22,26,C
74,33,B
44,29,C
96,89,A
57,31,B
42,87,B
97,35,B
17,51,C
67,97,A
44,74,B
28,26,C
78,59,B
20,50,C
91,59,A
38,60,B
81,42,B
61,55,B
52,38,B
34,21,C
29,66,B
11,31,C
64,17,B
41,25,C
28,15,C
34,29,C
17,37,C
49,76,B
38,74,B
14,81,B
47,62,B
28,95,B
38,99,B
44,71,B
50,97,A
81,12,B
16,52,C
80,46,B
97,47,A
40,78,B
43,71,B
73,65,B
23,90,B
16,91,B
67,14,B
35,14,C
88,46,B
47,13,C
33,17,C
92,77,A
23,15,C
73,45,B
63,54,B
70,44,B
44,100,A
82,73,A
77,33,B
87,24,B
13,32,C
82,22,B
57,46,B
11,81,B
20,17,C
59,14,C
96,19,B
78,20,B
56,100,A
36,46,B
75,20,B
51,65,B
82,16,B
16,28,C
83,50,B
94,48,A
32,48,B
20,92,B
53,61,B
54,70,B
62,49,B
85,87,A
82,66,A
53,70,B
58,27,B
24,87,B
53,10,C
16,66,B
83,78,A
46,57,B
13,19,C
84,47,B
25,72,B
84,86,A
80,29,B
94,37,B
58,30,B
42,30,C
12,52,C
44,63,B
74,13,B
62,26,B
13,83,B
20,53,C
68,66,B
51,30,B
23,31,C
19,71,B
81,24,B
95,86,A
88,18,B
42,38,B
72,63,B
86,85,A
18,52,C
22,40,C
67,17,B
62,34,B
86,84,A
46,81,B
34,36,C
88,96,A
38,25,C
82,87,A
25,55,B
63,78,A
68,52,B
30,74,B
59,77,B
94,42,B
20,49,C
27,52,C
48,49,B
92,14,B
99,40,B
41,45,B
75,82,A
72,47,B
53,84,B
62,64,B
70,44,B
12,77,B
82,98,A
60,26,B
69,73,A
92,11,B
58,30,B
87,55,A
69,73,A
51,87,B
52,18,C
98,59,A
91,76,A
15,93,B
98,47,A
27,38,C
13,96,B
95,67,A
11,70,B
33,10,C
84,82,A
76,86,A
31,51,B
48,56,B
34,31,C
90,80,A
39,13,C
69,56,B
43,80,B
69,65,B
22,53,C
86,86,A
56,88,A
74,80,A
25,48,C
43,79,B
87,75,A
45,45,B
61,97,A
13,50,C
52,37,B
79,34,B
12,22,C
88,56,A
47,23,C
32,97,B
80,71,A
57,41,B
91,65,A
13,43,C
75,81,A
71,92,A
59,95,A
83,69,A
52,39,B
42,81,B
74,81,A
64,39,B
29,34,C
19,45,C
98,21,B
80,89,A
49,90,B
56,48,B
19,46,C
31,31,C
69,52,B
71,90,A
70,94,A
89,62,A
78,74,A
95,100,A
80,43,B
28,88,B
32,24,C
10,16,C
22,97,B
78,16,B
97,10,B
94,97,A
42,84,B
17,75,B
48,80,B
39,16,C
79,46,B
47,31,C
47,77,B
45,80,B
84,15,B
48,76,B
31,20,C
75,95,A
78,10,B
30,43,C
34,85,B
56,83,B
38,74,B
41,94,B
72,72,A
81,33,B
42,63,B
91,90,A
27,12,C
33,56,B
72,15,B
87,28,B
51,77,B
65,54,B
28,86,B
24,80,B
66,99,A
72,93,A
68,27,B
87,37,B
16,47,C
33,55,B
25,56,B
53,42,B
92,45,B
100,29,B
98,67,A
59,23,B
18,80,B
10,30,C
41,54,B
51,49,B
78,25,B
81,86,A
22,69,B
95,40,B
28,78,B
31,31,C
51,86,B
13,50,C
42,80,B
39,70,B
61,83,A
47,95,A
94,18,B
53,43,B
30,62,B
81,57,B
69,62,B
62,92,A
48,21,C
68,15,B
27,47,C
91,50,A
86,70,A
79,77,A
76,86,A
19,78,B
25,48,C
52,55,B
77,10,B
89,52,A
46,97,A
29,58,B
80,44,B
42,68,B
47,81,B
18,36,C
37,32,C
57,72,B
87,56,A
48,59,B
99,90,A
30,50,B
27,82,B
70,38,B
28,15,C
86,84,A
44,70,B
86,30,B
14,27,C
52,94,A
34,51,B
49,11,C
85,98,A
34,52,B
31,37,C
30,54,B
70,49,B
95,85,A
40,58,B
38,74,B
97,69,A
76,22,B
23,46,C
13,88,B
96,42,B
39,96,B
85,24,B
12,75,B
93,32,B
86,16,B
23,74,B
52,88,A
32,71,B
23,89,B
77,77,A
10,88,B
24,49,C
58,12,C
34,75,B
97,21,B
50,78,B
41,60,B
20,20,C
49,95,A
47,51,B
66,86,A
84,68,A
50,84,B
83,53,B
24,56,B
11,89,B
75,32,B
21,95,B
93,39,B
93,20,B
38,90,B
74,55,B
30,55,B
19,44,C
15,25,C
89,79,A
25,21,C
68,67,B
72,97,A
58,78,B
85,36,B
33,97,B
25,91,B
46,56,B
96,83,A
26,59,B
12,79,B
91,95,A
47,48,B
57,31,B
51,91,A
16,83,B
54,23,C
85,70,A
94,70,A
100,30,B
93,74,A
72,44,B
59,15,C
81,81,A
15,68,B
81,91,A
70,57,B
78,38,B
88,67,A
17,58,C
93,24,B
26,58,B
15,44,C
92,83,A
86,27,B
32,10,C
69,39,B
29,79,B
48,55,B
61,76,B
12,38,C
40,11,C
26,59,B
65,99,A
29,90,B
61,41,B
39,28,C
22,82,B
79,87,A
31,81,B
24,52,C
72,58,B
56,72,B
45,84,B
58,24,B
48,32,B
26,30,C
27,18,C
14,36,C
80,36,B
77,14,B
93,28,B
49,87,B
28,23,C
85,34,B
26,36,C
86,65,A
31,48,C
14,76,B
93,14,B
24,87,B
99,75,A
19,91,B
29,46,C
27,74,B
23,81,B
98,54,A
68,59,B
86,38,B
16,76,B
40,96,B
65,10,C
14,98,B
32,89,B
33,43,C
41,50,B
54,86,A
21,24,C
55,11,C
31,36,C
27,57,B
19,50,C
52,67,B
26,86,B
32,58,B
30,80,B
69,86,A
46,63,B
57,68,B
57,19,C
88,13,B
49,89,B
74,88,A
35,16,C
54,79,B
64,69,B
44,22,C
61,60,B
83,52,B
96,34,B
61,76,B
47,67,B
54,24,C
32,95,B
39,54,B
44,39,B
98,69,A
93,70,A
97,16,B
64,80,A
88,28,B
55,20,C
99,44,A
22,33,C
48,30,C
97,74,A
28,86,B
14,51,C
95,97,A
46,37,B
56,81,B
73,90,A
66,81,A
61,53,B
92,47,B
40,51,B
45,82,B
34,83,B
16,30,C
79,40,B
48,15,C
11,74,B
47,44,B
71,80,A
39,68,B
87,65,A
87,99,A
35,34,C
78,86,A
43,76,B
63,66,B
26,99,B
17,84,B
61,18,C
65,43,B
90,85,A
65,88,A
57,69,B
86,50,B
30,73,B
13,96,B
37,70,B
68,72,A
37,74,B
50,73,B
37,30,C
72,18,B
18,81,B
18,45,C
22,15,C
34,81,B
52,49,B
95,66,A
100,39,B
91,73,A
72,50,B
78,77,A
32,58,B
58,96,A
17,67,B
18,68,B
12,32,C
11,77,B
83,93,A
47,50,B
94,40,B
69,62,B
42,91,B
50,89,B
79,69,A
92,99,A
14,38,C
91,23,B
53,78,B
87,75,A
85,28,B
89,62,A
13,82,B
62,77,B
82,12,B
63,15,C
74,74,A
81,68,A
94,88,A
11,59,C
52,16,C
65,22,B
13,20,C
81,68,A
86,63,A
87,38,B
27,83,B
24,17,C
18,63,B
84,58,A
49,10,C
57,70,B
35,76,B
36,95,B
78,49,B
86,33,B
19,31,C
33,81,B
96,98,A
84,99,A
75,67,A
71,55,B
59,32,B
82,45,B
62,98,A
30,43,C
11,70,B
86,93,A
40,20,C
43,62,B
50,60,B
27,85,B
68,64,B
52,39,B
30,19,C
27,74,B
50,43,B
24,92,B
21,79,B
67,79,A
91,19,B
66,14,B
33,22,C
78,100,A
51,92,A
40,76,B
14,60,C
13,86,B
40,58,B
89,22,B
75,32,B
100,69,A
44,74,B
80,98,A
81,45,B
90,56,A
85,12,B
58,63,B
83,62,A
56,88,A
20,88,B
19,85,B
77,49,B
76,56,B
36,36,C
15,20,C
32,25,C
89,81,A
49,54,B
65,91,A
59,68,B
86,11,B
11,51,C
27,48,C
16,95,B
98,18,B
87,33,B
23,19,C
40,20,C
26,46,C
13,65,C
15,93,B
50,76,B
93,64,A
63,59,B
64,56,B
14,42,C
30,85,B
39,52,B
50,96,A
24,29,C
22,76,B
91,93,A
61,82,A
34,96,B
48,10,C
13,43,C
43,36,C
65,67,B
25,49,C
13,55,C
85,86,A
36,63,B
97,76,A
56,85,A
29,61,B
51,46,B
40,14,C
88,22,B
21,69,B
65,20,B
32,72,B
54,91,A
76,35,B
80,45,B
31,10,C
44,50,B
73,100,A
54,27,B
42,94,B
71,28,B
29,81,B
69,85,A
24,26,C
42,59,B
64,86,A
51,91,A
76,96,A
49,10,C
18,78,B
38,14,C
82,60,A
88,91,A
16,16,C
52,92,A
81,30,B
59,40,B
78,53,B
55,17,C
26,71,B
65,71,B
50,53,B
93,90,A
72,100,A
76,49,B
14,40,C
69,91,A
52,93,A
28,76,B
24,99,B
38,41,C
25,97,B
58,71,B
96,49,A
29,67,B
14,89,B
17,40,C
44,79,B
12,96,B
38,93,B
96,35,B
12,24,C
17,43,C
66,20,B
18,32,C
35,10,C
18,38,C
51,68,B
97,22,B
89,99,A
87,98,A
57,43,B
43,47,B
61,83,A
96,94,A
68,62,B
91,23,B
82,29,B
35,11,C
76,17,B
66,18,B
83,66,A
91,99,A
13,73,B
42,53,B
18,93,B
35,79,B
31,70,B
71,34,B
40,11,C
40,51,B
54,35,B
71,13,B
83,49,B
55,48,B
85,19,B
63,50,B
21,67,B
69,46,B
46,89,B
87,59,A
85,21,B
33,12,C
25,35,C
68,32,B
99,10,B
18,15,C
47,33,B
47,25,C
33,80,B
15,67,B
71,47,B
41,95,B
83,85,A
96,85,A
87,26,B
17,86,B
59,63,B
22,49,C
89,81,A
18,71,B
77,59,B
88,67,A
85,17,B
67,27,B
27,93,B
30,12,C
31,58,B
69,52,B
40,61,B
57,35,B
34,77,B
83,63,A
49,85,B
53,35,B
83,52,B
63,58,B
48,94,A
27,81,B
88,13,B
43,66,B
42,29,C
86,24,B
80,97,A
71,12,B
68,58,B
43,68,B
14,32,C
59,13,C
36,15,C
35,48,B
17,83,B
56,19,C
64,89,A
12,40,C
19,26,C
14,61,C
98,34,B
60,99,A
100,59,A
88,40,B
25,78,B
71,57,B
37,92,B
21,94,B
75,45,B
88,61,A
37,92,B
53,100,A
49,22,C
66,13,C
54,62,B
96,79,A
76,74,A
80,37,B
77,18,B
30,100,B
83,79,A
42,47,B
10,90,B
62,78,A
28,24,C
76,72,A
42,62,B
74,33,B
27,45,C
68,57,B
10,55,C
29,68,B
76,47,B
88,37,B
56,48,B
37,15,C
50,46,B
39,23,C
86,37,B
34,93,B
38,66,B
85,43,B
37,78,B
42,50,B
17,53,C
57,72,B
60,77,B
90,41,B
20,25,C
83,98,A
95,53,A
24,59,B
78,10,B
100,58,A
54,93,A
92,18,B
72,38,B
55,33,B
19,92,B
35,66,B
72,21,B
42,28,C
41,21,C
36,84,B
47,32,C
75,40,B
99,90,A
78,48,B
18,57,C
31,14,C
84,47,B
90,61,A
91,88,A
78,79,A
51,42,B
27,90,B
87,67,A
48,14,C
98,52,A
94,59,A
29,49,C
62,79,A
31,85,B
41,42,B
33,34,C
22,46,C
19,74,B
77,79,A
17,21,C
50,19,C
31,75,B
98,14,B
35,13,C
81,20,B
87,64,A
59,94,A
20,58,C
14,65,C
78,75,A
95,72,A
67,73,A
42,96,B
70,62,B
77,30,B
41,40,B
72,77,A
59,59,B
82,31,B
16,70,B
83,69,A
20,35,C
67,96,A
86,20,B
90,56,A
56,68,B
36,31,C
81,58,B
35,51,B
14,54,C
73,79,A
48,75,B
96,96,A
82,68,A
55,98,A
10,68,C
83,14,B
50,60,B
14,59,C
37,73,B
55,56,B
85,85,A
63,50,B
71,82,A
46,52,B
46,66,B
40,71,B
12,12,C
78,41,B
82,80,A
85,58,A
53,71,B
33,43,C
57,96,A
81,28,B
80,24,B
79,52,B
32,48,B
78,80,A
80,72,A
47,65,B
41,63,B
31,77,B
72,53,B
34,68,B
13,98,B
91,68,A
94,58,A
76,94,A
84,26,B
74,21,B
15,77,B
67,59,B
87,55,A
97,91,A
84,94,A
43,26,C
44,19,C
39,26,C
91,79,A
99,79,A
71,85,A
23,82,B
35,86,B
55,10,C
62,94,A
56,64,B
95,38,B
25,90,B
92,77,A
48,48,B
59,59,B
45,14,C
96,77,A
82,34,B
72,13,B
24,94,B
49,96,A
66,67,B
19,85,B
55,39,B
79,53,B
19,48,C
45,46,B
79,31,B
28,83,B
93,81,A
15,23,C
100,96,A
71,87,A
66,55,B
35,73,B
41,75,B
46,60,B
93,41,B
70,34,B
24,24,C
21,97,B
52,67,B
85,36,B
62,66,B
23,24,C
99,46,A
19,65,B
69,77,A
42,35,C
12,20,C
18,96,B
95,16,B
97,26,B
77,42,B
16,79,B
22,55,C
23,20,C
14,63,C
23,98,B
21,24,C
12,74,B
84,28,B
70,48,B
62,31,B
42,12,C
19,69,B
53,96,A
61,55,B
58,83,A
12,54,C
22,50,C
72,70,A
99,81,A
25,22,C
36,49,B
46,22,C
36,39,C
49,84,B
100,28,B
92,34,B
99,78,A
75,27,B
79,16,B
77,88,A
12,21,C
12,66,C
62,36,B
92,42,B
83,91,A
39,13,C
12,91,B
49,96,A
72,14,B
44,41,B
53,41,B
78,15,B
56,22,C
31,91,B
88,60,A
21,30,C
20,72,B
10,83,B
100,68,A
42,27,C
24,78,B
12,82,B
53,31,B
27,90,B
65,20,B
78,62,A
99,44,A
19,43,C
36,98,B
99,95,A
46,86,B
31,29,C
78,55,B
47,91,B
29,41,C
25,48,C
68,76,A
90,97,A
57,54,B
76,19,B
98,92,A
78,72,A
72,53,B
56,42,B
46,26,C
100,20,B
78,14,B
52,54,B
53,84,B
44,13,C
87,16,B
40,65,B
39,50,B
88,58,A
48,21,C
50,29,C
93,70,A
65,34,B
92,64,A
62,23,B
32,86,B
33,14,C
64,40,B
28,21,C
97,35,B
61,53,B
57,12,C
84,39,B
94,25,B
53,60,B
70,67,B
78,84,A
50,15,C
91,79,A
87,85,A
14,67,B
51,34,B
68,11,C
53,74,B
40,95,B
53,93,A
70,61,B
50,74,B
87,96,A
24,26,C
37,18,C
55,64,B
73,23,B
67,17,B
95,42,B
79,77,A
10,28,C
87,50,B
71,82,A
57,97,A
72,94,A
98,23,B
18,55,C
22,26,C
56,97,A
58,54,B
25,98,B
11,92,B
92,56,A
100,30,B
11,29,C
62,91,A
17,56,C
19,92,B
93,17,B
55,51,B
67,32,B
32,53,B
62,11,C
23,13,C
16,51,C
63,42,B
95,86,A
85,100,A
68,25,B
22,55,C
60,11,C
53,100,A
72,27,B
55,88,A
12,34,C
19,22,C
94,57,A
51,40,B
75,58,B
65,30,B
37,66,B
32,47,C
43,82,B
31,85,B
27,60,B
95,43,B
52,75,B
46,26,C
48,86,B
15,43,C
21,38,C
93,17,B
28,88,B
58,85,A
70,21,B
22,47,C
85,15,B
14,54,C
28,45,C
26,79,B
73,97,A
88,21,B
78,37,B
22,95,B
14,73,B
22,58,B
14,90,B
44,35,C
98,76,A
96,88,A
89,41,B
57,95,A
57,14,C
75,20,B
70,85,A
10,43,C
86,67,A
67,46,B
54,48,B
90,89,A
46,17,C
59,30,B
15,38,C
35,76,B
83,97,A
25,13,C
37,72,B
56,13,C
30,55,B
76,27,B
65,21,B
35,70,B
32,35,C
33,88,B
18,20,C
100,31,B
94,12,B
75,19,B
96,48,A
61,85,A
97,37,B
73,51,B
66,13,C
99,42,A
49,65,B
66,91,A
79,30,B
74,13,B
47,56,B
89,31,B
24,72,B
65,66,B
16,48,C
29,67,B
19,95,B
90,70,A
30,15,C
68,53,B
24,96,B
31,54,B
69,16,B
47,77,B
85,44,B
77,88,A
69,38,B
63,37,B
61,49,B
23,15,C
27,59,B
47,81,B
35,66,B
61,95,A
47,41,B
64,66,B
79,10,B
18,99,B
64,98,A
75,52,B
86,43,B
18,96,B
58,89,A
20,56,C
67,56,B
96,32,B
58,22,B
14,96,B
24,56,B
45,95,A
17,12,C
93,12,B
20,84,B
17,20,C
45,86,B
18,46,C
43,53,B
50,22,C
25,38,C
52,76,B
16,65,B
100,26,B
83,44,B
69,57,B
43,78,B
38,73,B
13,85,B
45,30,C
60,53,B
72,73,A
53,89,A
29,62,B
89,94,A
18,20,C
48,74,B
43,17,C
70,66,B
44,68,B
81,67,A
20,41,C
13,26,C
88,95,A
23,25,C
11,75,B
16,77,B
50,20,C
59,12,C
18,30,C
57,66,B
28,67,B
87,28,B
85,21,B
37,14,C
12,67,C
72,93,A
19,50,C
47,45,B
52,30,B
54,29,B
60,79,B
51,16,C
91,28,B
79,82,A
100,52,A
20,56,C
41,25,C
59,52,B
10,88,B
83,24,B
58,80,B
74,77,A
69,19,B
40,84,B
29,56,B
87,16,B
78,84,A
14,11,C
33,33,C
100,85,A
92,44,B
40,74,B
39,43,B
83,23,B
21,76,B
66,70,B
12,17,C
50,15,C
81,55,B
55,80,B
71,42,B
78,34,B
22,27,C
59,23,B
87,52,B
77,50,B
62,76,B
29,37,C
88,97,A
30,62,B
67,19,B
37,83,B
99,61,A
71,63,B
11,88,B
66,61,B
42,76,B
51,25,C
87,88,A
17,32,C
17,60,C
87,54,A
59,66,B
91,24,B
39,59,B
81,40,B
32,42,C
16,27,C
81,93,A
48,100,A
19,73,B
39,66,B
29,41,C
47,24,C
92,19,B
48,35,B
17,65,B
92,51,A
90,46,B
52,26,C
21,74,B
90,70,A
43,58,B
84,79,A
71,75,A
47,44,B
56,32,B
27,20,C
20,93,B
61,61,B
64,48,B
83,90,A
99,28,B
14,47,C
69,45,B
60,83,A
37,86,B
87,75,A
53,10,C
73,81,A
97,51,A
33,27,C
21,56,C
51,46,B
67,67,B
56,38,B
31,18,C
33,91,B
40,94,B
47,52,B
30,99,B
98,82,A
69,11,B
36,54,B
47,65,B
55,25,B
71,87,A
14,93,B
21,62,B
17,66,B
36,33,C
80,22,B
63,38,B
88,56,A
25,11,C
89,21,B
96,27,B
60,53,B
93,42,B
45,64,B
54,89,A
99,38,B
42,17,C
17,12,C
30,20,C
28,16,C
20,83,B
39,90,B
75,60,B
24,87,B
24,82,B
50,23,C
82,53,B
78,98,A
40,95,B
57,70,B
35,33,C
75,31,B
22,14,C
95,30,B
40,94,B
17,50,C
40,33,C
91,96,A
69,36,B
10,90,B
69,76,A
41,17,C
68,45,B
68,50,B
23,62,B
98,55,A
24,30,C
80,61,A
52,73,B
25,20,C
98,72,A
48,71,B
58,32,B
54,49,B
92,41,B
55,84,B
35,57,B
54,28,B
75,12,B
79,26,B
61,83,A
37,32,C
78,78,A
78,23,B
44,93,B
49,67,B
35,28,C
11,29,C
90,93,A
98,28,B
56,91,A
31,23,C
22,48,C
11,80,B
71,12,B
97,50,A
37,28,C
55,96,A
89,87,A
100,90,A
44,97,A
30,12,C
35,22,C
20,38,C
30,31,C
10,99,B
83,91,A
64,94,A
37,81,B
53,63,B
10,74,B
87,47,B
90,31,B
21,24,C
50,45,B
31,54,B
96,90,A
49,28,C
67,12,C
43,18,C
20,85,B
11,43,C
90,93,A
18,41,C
80,38,B
69,12,B
84,80,A
50,70,B
10,18,C
87,47,B
72,39,B
73,85,A
65,20,B
83,11,B
55,70,B
55,100,A
57,93,A
92,94,A
61,84,A
100,18,B
66,70,B
95,12,B
58,92,A
77,43,B
47,90,B
34,53,B
52,99,A
90,48,B
11,55,C
80,19,B
31,60,B
45,66,B
96,12,B
100,61,A
35,60,B
11,20,C
54,24,C
70,87,A
33,55,B
76,87,A
19,53,C
42,74,B
59,41,B
44,58,B
28,58,B
34,13,C
92,23,B
96,26,B
19,16,C
77,25,B
71,11,B
26,19,C
23,71,B
26,66,B
85,47,B
45,75,B
18,82,B
43,22,C
29,22,C
56,68,B
37,89,B
32,29,C
77,34,B
32,88,B
27,79,B
61,39,B
53,22,C
79,97,A
47,38,B
38,27,C
65,41,B
84,17,B
69,59,B
93,76,A
18,69,B
81,20,B
21,10,C
59,93,A
96,31,B
66,98,A
58,75,B
93,53,A
23,99,B
97,56,A
56,69,B
13,43,C
48,12,C
88,46,B
15,89,B
46,50,B
90,15,B
88,19,B
27,24,C
70,22,B
89,29,B
55,90,A
49,79,B
58,73,B
17,52,C
46,70,B
26,99,B
39,18,C
70,40,B
86,42,B
76,45,B
94,90,A
71,74,A
55,50,B
99,89,A
80,78,A
12,97,B
65,36,B
65,94,A
77,57,B
38,10,C
10,79,B
61,34,B
76,49,B
77,83,A
77,55,B
59,43,B
38,87,B
49,52,B
22,54,C
23,96,B
74,47,B
98,78,A
79,31,B
36,75,B
24,61,B
10,90,B
82,98,A
85,25,B
17,76,B
74,10,B
90,15,B
67,26,B
48,50,B
57,100,A
95,19,B
35,33,C
35,49,B
57,69,B
90,82,A
10,87,B
89,49,B
96,92,A
19,58,C
25,76,B
29,76,B
30,31,C
74,18,B
13,55,C
24,66,B
55,45,B
86,88,A
34,73,B
69,82,A
24,24,C
31,49,B
14,58,C
82,83,A
86,34,B
79,37,B
38,51,B
11,76,B
81,79,A
85,12,B
65,17,B
59,47,B
98,28,B
62,16,C
86,87,A
71,61,B
55,15,C
83,62,A
95,52,A
77,82,A
84,85,A
76,18,B
45,15,C
30,44,C
34,45,C
36,81,B
63,14,C
83,69,A
15,58,C
76,60,B
18,32,C
75,53,B
44,14,C
84,58,A
52,37,B
94,81,A
75,85,A
24,60,B
71,52,B
98,70,A
62,86,A
17,72,B
73,92,A
13,58,C
23,56,C
34,74,B
27,11,C
73,67,A
43,72,B
95,100,A
33,72,B
100,10,B
38,53,B
23,93,B
70,84,A
94,17,B
80,64,A
70,90,A
86,10,B
19,88,B
15,43,C
16,13,C
40,40,B
87,14,B
51,83,B
100,35,B
24,80,B
10,87,B
56,91,A
14,16,C
12,87,B
45,41,B
61,47,B
73,78,A
81,33,B
10,47,C
30,85,B
90,13,B
20,34,C
58,87,A
83,58,A
95,75,A
45,36,B
89,74,A
80,10,B
27,79,B
41,81,B
21,27,C
48,90,B
47,95,A
16,87,B
34,43,C
67,61,B
99,80,A
82,38,B
97,73,A
54,55,B
18,96,B
50,45,B
11,94,B
11,38,C
64,64,B
38,94,B
28,85,B
78,100,A
68,17,B
28,20,C
53,33,B
38,50,B
25,56,B
72,98,A
16,16,C
27,96,B
77,88,A
42,82,B
25,74,B
53,86,B
53,91,A
25,68,B
79,99,A
65,71,B
52,34,B
29,22,C
82,51,B
44,28,C
97,43,A
25,50,C
51,39,B
40,46,B
67,93,A
67,11,C
76,13,B
100,27,B
88,83,A
86,94,A
73,19,B
84,56,A
82,70,A
43,35,C
37,100,B
30,79,B
54,27,B
76,52,B
32,51,B
61,63,B
23,60,B
38,30,C
25,15,C
35,49,B
85,15,B
11,75,B
66,14,B
67,49,B
58,28,B
34,20,C
38,24,C
59,64,B
15,71,B
99,55,A
91,90,A
25,23,C
15,78,B
76,97,A
44,38,B
100,35,B
23,27,C
27,13,C
97,69,A
92,98,A
65,24,B
49,68,B
79,59,B
76,75,A
50,42,B
49,16,C
84,71,A
25,56,B
77,16,B
72,63,B
26,44,C
16,75,B
64,99,A
12,50,C
75,10,B
41,64,B
70,71,A
70,88,A
93,64,A
80,95,A
60,51,B
59,19,C
25,75,B
86,48,B
50,55,B
62,98,A
17,39,C
38,24,C
18,21,C
89,67,A
30,50,B
32,12,C
29,55,B
88,45,B
76,31,B
67,87,A
26,89,B
100,85,A
20,75,B
43,69,B
45,16,C
14,56,C
79,49,B
59,43,B
87,68,A
63,81,A
98,45,A
39,21,C
19,87,B
46,94,A
49,72,B
63,13,C
94,14,B
71,85,A
62,11,C
17,72,B
45,38,B
53,24,C
63,59,B
50,50,B
28,44,C
73,35,B
36,14,C
98,100,A
31,97,B
12,31,C
62,37,B
45,13,C
16,94,B
59,50,B
25,62,B
74,51,B
57,73,B
63,60,B
68,16,B
79,36,B
59,68,B
25,27,C
54,54,B
51,36,B
87,18,B
88,10,B
13,51,C
47,67,B
95,74,A
83,71,A
75,24,B
49,80,B
14,12,C
21,15,C
94,24,B
63,25,B
86,76,A
28,18,C
20,72,B
86,72,A
66,50,B
73,92,A
83,32,B
85,75,A
54,49,B
75,99,A
11,14,C
38,90,B
49,12,C
42,99,A
52,51,B
73,49,B
89,30,B
59,21,B
77,68,A
93,100,A
26,77,B
19,70,B
30,43,C
14,65,C
30,39,C
67,28,B
43,43,B
43,68,B
58,86,A
70,29,B
78,44,B
93,31,B
86,14,B
97,99,A
89,69,A
88,37,B
44,50,B
19,11,C
95,65,A
34,71,B
16,38,C
84,23,B
21,42,C
86,55,A
59,10,C
49,92,A
60,77,B
30,62,B
87,69,A
88,61,A
22,86,B
98,97,A
17,66,B
92,52,A
74,79,A
32,15,C
40,27,C
48,43,B
30,34,C
20,58,C
49,89,B
74,85,A
91,49,A
37,11,C
68,66,B
58,84,A
83,10,B
35,13,C
85,23,B
62,50,B
64,20,B
39,27,C
65,69,B
94,25,B
70,31,B
22,58,B
73,80,A
11,95,B
30,89,B
89,15,B
92,11,B
63,87,A
50,21,C
21,15,C
75,45,B
63,19,B
43,40,B
84,65,A
46,67,B
32,48,B
53,23,C
34,46,B
72,97,A
11,11,C
47,38,B
59,10,C
34,38,C
46,55,B
19,37,C
21,94,B
73,16,B
80,89,A
32,30,C
99,12,B
49,20,C
64,42,B
77,73,A
24,44,C
94,11,B
24,88,B
24,77,B
16,80,B
96,91,A
39,21,C
26,58,B
68,38,B
15,42,C
87,79,A
67,77,A
54,77,B
83,58,A
71,72,A
51,12,C
76,88,A
90,66,A
39,16,C
89,87,A
70,62,B
19,69,B
60,28,B
17,88,B
35,50,B
85,83,A
69,48,B
31,48,C
33,10,C
70,65,B
74,80,A
42,21,C
22,95,B
29,78,B
33,59,B
15,85,B
10,17,C
71,53,B
87,34,B
89,26,B
60,61,B
55,89,A
52,86,B
86,15,B
17,93,B
74,12,B
24,71,B
71,38,B
63,66,B
64,82,A
56,81,B
14,50,C
25,74,B
52,28,B
86,41,B
42,26,C
68,62,B
27,84,B
74,99,A
98,83,A
69,76,A
86,100,A
84,36,B
15,71,B
40,49,B
42,48,B
46,99,A
74,85,A
70,36,B
29,80,B
34,87,B
58,79,B
80,66,A
89,61,A
72,38,B
51,23,C
20,48,C
51,60,B
16,86,B
21,10,C
46,74,B
59,70,B
31,90,B
81,70,A
69,13,B
79,89,A
51,59,B
82,56,B
63,79,A
92,91,A
11,81,B
98,15,B
19,95,B
38,97,B
89,45,B
31,51,B
61,89,A
93,43,B
14,58,C
66,98,A
44,89,B
67,38,B
32,78,B
50,42,B
77,32,B
83,46,B
85,81,A
70,50,B
67,35,B
54,29,B
49,63,B
41,94,B
31,50,B
78,43,B
18,100,B
16,17,C
64,18,B
56,90,A
57,15,C
63,54,B
27,44,C
60,96,A
92,57,A
38,13,C
15,41,C
29,49,C
48,18,C
69,83,A
59,92,A
70,15,B
72,89,A
68,32,B
80,70,A
87,69,A
27,44,C
31,19,C
24,11,C
93,82,A
81,89,A
52,63,B
10,62,C
89,51,A
60,33,B
72,12,B
50,62,B
98,76,A
24,91,B
79,56,B
89,78,A
69,51,B
99,98,A
63,99,A
41,26,C
72,76,A
11,63,C
25,74,B
43,90,B
22,46,C
94,75,A
80,72,A
46,33,C
24,29,C
66,76,A
35,87,B
16,97,B
35,31,C
39,74,B
14,78,B
40,82,B
99,37,B
77,50,B
52,21,C
96,76,A
99,94,A
87,48,B
43,72,B
36,94,B
25,92,B
92,90,A
71,36,B
95,85,A
11,44,C
61,41,B
43,90,B
76,88,A
18,89,B
89,41,B
56,48,B
64,55,B
81,29,B
41,14,C
43,42,B
92,12,B
80,47,B
51,75,B
82,41,B
55,30,B
97,55,A
15,67,B
51,92,A
93,75,A
42,77,B
86,84,A
17,98,B
82,42,B
51,71,B
21,64,B
41,35,C
23,49,C
89,16,B
28,35,C
100,30,B
46,55,B
98,69,A
99,36,B
37,39,C
78,70,A
96,85,A
71,38,B
76,72,A
83,68,A
29,64,B
40,99,B
92,72,A
35,46,B
90,14,B
56,25,B
27,47,C
55,34,B
57,57,B
22,28,C
49,72,B
17,82,B
14,21,C
49,75,B
39,74,B
31,41,C
86,55,A
67,90,A
56,28,B
11,95,B
54,50,B
76,32,B
30,29,C
51,49,B
66,41,B
28,51,C
10,81,B
57,12,C
12,21,C
23,75,B
59,31,B
96,74,A
29,56,B
19,52,C
55,11,C
64,29,B
16,66,B
76,28,B
85,93,A
42,16,C
56,33,B
17,13,C
62,17,C
40,34,C
71,36,B
40,48,B
60,53,B
66,97,A
28,32,C
42,66,B
75,77,A
61,85,A
26,46,C
36,65,B
71,22,B
75,87,A
52,41,B
58,82,A
50,69,B
84,90,A
93,39,B
55,39,B
31,49,B
53,63,B
91,100,A
65,52,B
63,70,B
95,22,B
100,96,A
52,51,B
51,15,C
52,62,B
91,93,A
25,93,B
88,48,B
36,35,C
46,44,B
82,39,B
78,57,B
96,12,B
51,65,B
68,25,B
13,50,C
74,58,B
21,35,C
77,51,B
63,12,C
11,61,C
57,42,B
27,29,C
34,52,B
21,42,C
34,63,B
80,47,B
47,65,B
66,83,A
92,53,A
17,24,C
30,93,B
85,18,B
41,77,B
83,82,A
46,80,B
34,21,C
39,37,C
77,92,A
24,45,C
94,93,A
97,35,B
21,84,B
55,35,B
16,93,B
85,64,A
57,95,A
83,26,B
15,95,B
65,40,B
89,76,A
35,90,B
77,62,B
88,76,A
83,16,B
54,36,B
57,40,B
73,22,B
27,47,C
39,77,B
34,34,C
18,26,C
12,58,C
37,78,B
98,77,A
33,43,C
56,39,B
10,51,C
95,16,B
84,35,B
62,50,B
94,57,A
34,49,B
83,20,B
55,80,B
38,87,B
96,49,A
62,95,A
73,35,B
47,57,B
19,63,B
29,34,C
13,38,C
96,68,A
28,12,C
10,17,C
73,57,B
100,54,A
91,93,A
12,20,C
73,33,B
13,61,C
52,66,B
38,83,B
73,89,A
77,16,B
25,80,B
37,52,B
64,35,B
48,79,B
19,30,C
53,50,B
23,11,C
43,27,C
62,56,B
10,16,C
23,18,C
84,68,A
54,26,B
98,78,A
59,16,C
39,74,B
92,43,B
50,90,A
50,93,A
27,57,B
68,44,B
86,25,B
28,28,C
25,78,B
32,63,B
75,34,B
39,82,B
48,59,B
24,31,C
76,58,B
49,76,B
19,28,C
46,37,B
16,54,C
64,25,B
85,81,A
61,88,A
41,75,B
75,25,B
82,46,B
42,53,B
14,83,B
84,30,B
63,32,B
23,90,B
69,97,A
77,90,A
28,70,B
46,79,B
39,46,B
10,19,C
40,80,B
59,59,B
33,41,C
87,92,A
76,36,B
99,57,A
95,55,A
99,64,A
44,51,B
12,64,C
28,77,B
87,37,B
87,15,B
44,74,B
46,56,B
97,100,A
60,56,B
18,13,C
79,93,A
48,29,C
31,86,B
42,90,B
85,24,B
98,35,B
27,96,B
31,77,B
47,19,C
62,98,A
99,48,A
86,26,B
71,68,B
27,27,C
71,46,B
93,33,B
22,15,C
53,90,A
55,47,B
31,96,B
28,68,B
16,19,C
54,75,B
94,36,B
49,81,B
64,93,A
19,10,C
71,67,B
42,82,B
28,15,C
59,61,B
54,50,B
70,44,B
41,55,B
33,87,B
44,29,C
51,69,B
51,41,B
39,42,B
21,74,B
11,89,B
57,16,C
22,83,B
13,34,C
23,71,B
39,48,B
13,48,C
33,74,B
60,23,B
60,63,B
97,27,B
35,11,C
60,14,C
16,60,C
28,32,C
93,24,B
85,56,A
82,56,B
34,28,C
95,14,B
40,54,B
72,37,B
100,44,A
44,68,B
59,70,B
68,92,A
55,55,B
37,23,C
57,68,B
24,96,B
22,74,B
92,27,B
25,92,B
67,34,B
67,11,C
95,11,B
66,73,B
78,87,A
15,46,C
53,26,C
21,89,B
25,75,B
73,71,A
98,38,B
96,47,A
87,90,A
39,56,B
54,70,B
71,51,B
27,67,B
70,56,B
12,28,C
11,26,C
64,38,B
98,11,B
98,54,A
58,51,B
79,85,A
19,92,B
99,81,A
84,17,B
75,37,B
19,27,C
54,22,C
85,40,B
69,71,A
12,37,C
90,58,A
19,57,C
60,84,A
98,83,A
72,99,A
60,99,A
99,96,A
50,18,C
25,89,B
82,91,A
26,12,C
97,35,B
73,85,A
56,89,A
67,91,A
93,20,B
54,15,C
96,33,B
34,96,B
91,66,A
82,79,A
21,21,C
35,56,B
83,23,B
63,80,A
99,29,B
68,100,A
62,16,C
31,100,B
100,56,A
76,98,A
54,27,B
41,63,B
82,33,B
24,79,B
95,46,A
91,99,A
99,14,B
75,73,A
41,36,C
100,55,A
43,15,C
98,60,A
59,47,B
57,21,C
63,55,B
16,96,B
52,26,C
68,88,A
66,63,B
66,16,B
31,32,C
71,22,B
93,90,A
23,71,B
70,11,B
44,81,B
54,88,A
90,82,A
62,22,B
55,79,B
50,74,B
58,63,B
36,21,C
100,46,A
40,75,B
11,75,B
61,64,B
45,89,B
90,14,B
79,74,A
37,59,B
51,77,B
50,54,B
93,11,B
38,38,C
75,92,A
16,99,B
27,44,C
42,11,C
61,39,B
24,81,B
25,63,B
86,46,B
70,80,A
93,63,A
78,16,B
90,57,A
15,13,C
78,42,B
83,58,A
28,36,C
64,87,A
47,47,B
53,74,B
67,51,B
92,41,B
68,69,B
69,79,A
76,15,B
88,42,B
19,42,C
92,28,B
68,73,A
63,40,B
54,94,A
76,34,B
10,86,B
76,54,B
18,37,C
21,100,B
66,12,C
83,82,A
32,99,B
46,59,B
75,56,B
11,59,C
25,79,B
50,27,C
67,54,B
100,40,A
27,76,B
47,58,B
22,17,C
98,24,B
35,63,B
10,15,C
92,46,B
67,23,B
12,20,C
74,68,A
52,89,A
24,81,B
14,32,C
36,80,B
31,57,B
66,32,B
76,34,B
70,21,B
57,33,B
80,79,A
48,78,B
13,20,C
21,56,C
28,58,B
98,95,A
45,50,B
13,61,C
10,19,C
90,90,A
86,28,B
66,72,B
42,43,B
16,28,C
28,25,C
98,45,A
55,99,A
70,17,B
22,35,C
48,55,B
86,26,B
94,37,B
23,86,B
89,11,B
61,16,C
50,30,B
52,53,B
39,35,C
36,27,C
35,43,C
54,72,B
23,15,C
79,31,B
37,60,B
31,68,B
97,13,B
92,69,A
50,43,B
88,89,A
76,40,B
49,17,C
25,63,B
34,70,B
62,66,B
82,80,A
55,46,B
61,47,B
95,29,B
81,70,A
10,56,C
72,81,A
41,93,B
16,51,C
96,50,A
95,84,A
56,100,A
83,55,B
37,67,B
42,91,B
56,15,C
60,42,B
31,82,B
60,37,B
19,28,C
72,77,A
74,79,A
33,12,C
27,94,B
92,15,B
89,14,B
92,55,A
63,40,B
60,91,A
81,82,A
95,17,B
17,42,C
83,79,A
68,33,B
47,49,B
67,64,B
69,62,B
20,40,C
100,59,A
96,48,A
21,91,B
60,26,B
48,57,B
77,66,A
76,34,B
49,29,C
45,75,B
41,92,B
33,95,B
76,79,A
23,96,B
80,27,B
88,72,A
68,42,B
52,56,B
81,97,A
37,93,B
90,58,A
16,78,B
59,70,B
94,81,A
91,69,A
66,28,B
35,91,B
34,73,B
46,18,C
54,86,A
33,65,B
44,55,B
42,96,B
74,65,B
60,99,A
53,27,B
18,85,B
21,94,B
95,51,A
100,85,A
28,62,B
62,86,A
90,25,B
64,70,B
54,26,B
27,67,B
18,52,C
90,36,B
10,44,C
51,58,B
71,81,A
66,90,A
63,76,B
41,90,B
10,86,B
47,64,B
16,36,C
74,52,B
34,97,B
56,94,A
99,81,A
88,70,A
30,85,B
86,15,B
91,53,A
64,11,C
39,43,B
60,41,B
87,32,B
64,68,B
52,24,C
45,54,B
81,70,A
67,94,A
45,90,B
79,75,A
52,38,B
53,53,B
70,53,B
76,57,B
56,71,B
64,77,A
76,86,A
44,14,C
97,12,B
52,37,B
97,55,A
91,49,A
60,46,B
98,40,B
58,88,A
46,32,C
53,76,B
23,43,C
94,91,A
44,43,B
50,52,B
27,18,C
57,58,B
31,43,C
29,11,C
15,54,C
94,76,A
14,99,B
73,22,B
42,93,B
76,44,B
86,37,B
21,28,C
85,20,B
84,69,A
48,58,B
22,26,C
90,21,B
36,93,B
15,33,C
84,83,A
28,76,B
43,94,B
31,31,C
36,98,B
19,12,C
98,12,B
76,88,A
77,81,A
72,40,B
96,10,B
29,25,C
75,46,B
33,63,B
12,73,B
56,62,B
43,67,B
23,43,C
90,62,A
100,19,B
35,93,B
10,100,B
44,77,B
17,27,C
50,54,B
28,85,B
98,74,A
19,29,C
90,32,B
83,90,A
69,62,B
20,71,B
93,12,B
35,95,B
59,46,B
39,74,B
88,25,B
44,10,C
66,90,A
86,32,B
53,45,B
55,94,A
18,84,B
42,81,B
97,100,A
46,84,B
22,83,B
41,52,B
43,81,B
12,100,B
69,45,B
55,15,C
33,35,C
64,63,B
28,78,B
60,51,B
34,73,B
38,83,B
99,93,A
95,44,B
93,50,A
42,15,C
49,95,A
79,62,A
72,25,B
13,18,C
91,43,B
86,17,B
15,80,B
61,54,B
34,78,B
93,56,A
56,71,B
49,81,B
37,21,C
93,97,A
51,82,B
78,27,B
72,91,A
72,36,B
18,91,B
16,75,B
13,32,C
76,83,A
38,79,B
100,80,A
74,95,A
18,10,C
87,39,B
42,52,B
25,16,C
54,55,B
87,78,A
97,61,A
43,24,C
30,37,C
68,70,B
82,20,B
36,62,B
18,60,C
59,92,A
26,30,C
15,21,C
10,40,C
53,84,B
20,51,C
12,31,C
59,90,A
75,23,B
20,77,B
23,24,C
10,37,C
38,95,B
22,100,B
60,96,A
60,41,B
35,92,B
66,100,A
55,35,B
100,56,A
15,23,C
54,30,B
36,58,B
13,23,C
44,12,C
80,13,B
35,68,B
22,94,B
50,32,B
26,63,B
79,76,A
89,63,A
29,99,B
90,12,B
86,32,B
13,35,C
75,41,B
63,28,B
38,22,C
48,81,B
74,73,A
50,53,B
73,95,A
48,44,B
82,55,B
87,89,A
33,15,C
25,78,B
14,54,C
73,63,B
76,16,B
34,89,B
66,36,B
17,42,C
52,80,B
44,16,C
27,50,C
28,80,B
61,90,A
32,69,B
58,38,B
86,85,A
76,82,A
41,66,B
73,75,A
54,17,C
32,20,C
71,57,B
97,88,A
62,87,A
71,16,B
58,92,A
78,18,B
74,76,A
19,23,C
29,21,C
98,64,A
29,62,B
31,72,B
37,54,B
21,41,C
88,69,A
88,74,A
79,30,B
16,27,C
55,49,B
47,78,B
76,19,B
45,62,B
85,13,B
17,97,B
47,15,C
26,60,B
92,34,B
77,79,A
75,72,A
10,74,B
61,26,B
75,73,A
58,40,B
32,59,B
71,92,A
64,46,B
37,95,B
91,47,B
65,89,A
33,93,B
14,99,B
49,17,C
12,25,C
90,10,B
63,15,C
50,11,C
15,64,C
31,28,C
81,31,B
35,72,B
87,65,A
43,62,B
69,10,C
81,73,A
25,55,B
73,64,B
62,17,C
71,76,A
84,37,B
52,63,B
72,52,B
59,25,B
10,96,B
92,92,A
45,13,C
99,21,B
41,70,B
61,57,B
66,36,B
30,75,B
46,83,B
82,90,A
94,29,B
25,10,C
51,92,A
82,53,B
42,22,C
74,40,B
70,26,B
56,80,B
95,20,B
60,72,B
20,56,C
71,31,B
27,37,C
16,16,C
16,29,C
27,92,B
60,30,B
50,35,B
48,85,B
21,47,C
67,60,B
60,69,B
93,37,B
78,62,A
18,71,B
71,29,B
70,20,B
41,30,C
79,92,A
77,80,A
77,66,A
91,13,B
60,48,B
92,80,A
95,96,A
100,46,A
33,78,B
17,63,B
32,60,B
72,87,A
60,73,B
10,28,C
10,52,C
11,80,B
14,85,B
32,15,C
56,47,B
32,37,C
57,53,B
57,50,B
23,31,C
19,63,B
35,76,B
52,85,B
34,58,B
53,59,B
35,42,C
37,96,B
95,49,A
100,58,A
31,23,C
67,15,B
62,84,A
19,92,B
96,19,B
24,39,C
66,66,B
72,62,B
65,58,B
60,85,A
86,40,B
71,94,A
29,61,B
32,27,C
61,98,A
13,43,C
78,76,A
99,19,B
36,80,B
60,54,B
89,17,B
23,74,B
37,26,C
19,95,B
99,88,A
97,48,A
100,73,A
30,97,B
18,18,C
98,15,B
16,63,C
24,60,B
94,61,A
16,37,C
22,76,B
87,17,B
43,51,B
86,30,B
38,37,C
79,72,A
70,61,B
62,66,B
39,66,B
39,32,C
26,91,B
71,33,B
96,49,A
88,20,B
16,13,C
100,59,A
62,99,A
34,64,B
69,12,B
66,15,B
14,15,C
77,38,B
97,94,A
59,53,B
62,41,B
32,49,B
84,51,B
94,37,B
19,25,C
82,76,A
46,71,B
100,52,A
31,32,C
31,32,C
40,96,B
89,12,B
76,68,A
74,65,B
90,46,B
80,15,B
77,100,A
48,24,C
23,88,B
14,76,B
18,23,C
93,94,A
52,52,B
49,84,B
12,22,C
21,41,C
57,32,B
67,98,A
26,64,B
14,30,C
30,19,C
72,88,A
43,38,B
62,88,A
23,47,C
54,52,B
38,37,C
89,33,B
33,47,B
90,21,B
48,15,C
12,22,C
64,88,A
43,32,C
72,20,B
11,45,C
21,65,B
86,22,B
94,53,A
11,19,C
59,81,A
98,82,A
19,43,C
71,94,A
79,48,B
15,80,B
31,57,B
40,21,C
64,49,B
34,42,C
48,45,B
83,29,B
73,91,A
35,50,B
73,37,B
61,99,A
65,16,B
98,23,B
95,17,B
35,80,B
42,88,B
94,92,A
36,68,B
33,18,C
97,32,B
54,36,B
74,27,B
90,47,B
16,88,B
99,34,B
27,50,C
53,97,A
47,87,B
100,73,A
67,89,A
40,62,B
90,90,A
10,47,C
58,76,B
79,61,A
50,75,B
55,32,B
79,14,B
24,33,C
34,28,C
45,23,C
46,47,B
89,41,B
89,29,B
40,73,B
62,15,C
87,69,A
61,38,B
46,72,B
18,83,B
99,58,A
52,91,A
67,60,B
79,21,B
55,86,A
86,28,B
60,30,B
82,98,A
96,39,B
39,86,B
43,29,C
45,40,B
76,64,A
93,94,A
77,74,A
11,11,C
33,39,C
100,57,A
55,88,A
74,11,B
84,89,A
63,84,A
27,30,C
22,29,C
91,53,A
91,64,A
10,34,C
19,15,C
94,29,B
65,41,B
52,25,C
46,59,B
100,48,A
44,18,C
29,70,B
18,52,C
96,92,A
17,31,C
25,86,B
76,73,A
67,12,C
41,45,B
79,36,B
88,33,B
65,31,B
71,80,A
94,17,B
26,34,C
10,76,B
31,41,C
72,11,B
69,36,B
34,96,B
66,71,B
31,60,B
23,39,C
98,100,A
46,26,C
20,25,C
90,27,B
27,38,C
65,53,B
20,38,C
79,73,A
16,48,C
57,50,B
84,92,A
95,50,A
37,57,B
38,92,B
61,69,B
88,49,B
91,98,A
64,68,B
22,46,C
43,71,B
67,10,C
54,76,B
99,71,A
89,70,A
86,97,A
60,70,B
33,75,B
48,33,B
94,77,A
64,55,B
12,47,C
99,73,A
26,89,B
19,86,B
30,57,B
10,94,B
66,24,B
25,86,B
51,35,B
99,25,B
69,34,B
43,43,B
78,94,A
77,87,A
64,52,B
15,67,B
98,70,A
48,47,B
19,66,B
97,68,A
73,27,B
25,78,B
34,38,C
79,21,B
33,25,C
76,61,B
45,62,B
92,93,A
61,65,B
13,57,C
45,67,B
53,45,B
42,95,B
79,23,B
65,63,B
11,12,C
67,73,A
50,75,B
74,67,A
43,58,B
30,48,C
69,35,B
97,20,B
31,31,C
69,16,B
74,13,B
93,43,B
58,59,B
56,84,A
50,63,B
68,15,B
51,47,B
49,56,B
76,61,B
49,80,B
45,76,B
76,66,A
63,64,B
59,33,B
17,24,C
13,71,B
27,41,C
75,75,A
48,46,B
48,94,A
92,44,B
35,23,C
49,24,C
99,99,A
85,75,A
40,88,B
26,100,B
89,81,A
63,95,A
39,78,B
26,94,B
70,96,A
50,57,B
52,62,B
26,20,C
11,14,C
86,54,A
48,36,B
80,16,B
36,12,C
66,79,A
73,43,B
48,10,C
46,53,B
93,90,A
53,15,C
99,10,B
86,16,B
96,36,B
100,65,A
24,84,B
40,57,B
17,15,C
34,36,C
74,19,B
22,97,B
64,58,B
94,67,A
41,47,B
42,30,C
95,16,B
78,65,A
71,17,B
57,92,A
96,82,A
47,46,B
17,62,C
33,93,B
58,48,B
58,57,B
55,58,B
60,30,B
11,84,B
48,38,B
66,61,B
44,48,B
62,43,B
93,77,A
57,92,A
80,31,B
69,92,A
22,22,C
26,25,C
52,76,B
18,72,B
41,50,B
81,95,A
95,69,A
87,97,A
77,26,B
96,77,A
98,62,A
100,20,B
56,15,C
24,18,C
60,12,C
49,66,B
29,29,C
13,58,C
54,38,B
20,29,C
90,66,A
95,48,A
37,26,C
73,19,B
34,58,B
24,30,C
88,97,A
32,23,C
25,28,C
34,10,C
61,30,B
55,20,C
83,70,A
14,47,C
51,28,C
61,87,A
35,65,B
49,99,A
61,35,B
25,87,B
83,23,B
82,55,B
67,94,A
51,57,B
32,35,C
75,12,B
43,73,B
63,30,B
38,93,B
67,71,B
73,90,A
18,45,C
16,28,C
18,27,C
54,91,A
99,47,A
16,60,C
26,50,C
77,64,A
38,35,C
53,84,B
45,29,C
22,36,C
43,16,C
86,95,A
67,82,A
54,66,B
11,69,B
90,29,B
33,30,C
14,91,B
71,82,A
21,33,C
21,100,B
40,97,B
64,57,B
27,64,B
19,77,B
69,39,B
67,29,B
43,27,C
79,31,B
94,41,B
10,97,B
91,94,A
44,31,C
100,36,B
44,23,C
81,72,A
93,41,B
53,55,B
87,24,B
50,97,A
26,80,B
37,56,B
58,17,C
45,55,B
90,76,A
92,83,A
57,32,B
67,59,B
60,19,C
53,78,B
17,41,C
31,76,B
44,18,C
75,43,B
13,39,C
41,79,B
64,81,A
19,91,B
42,40,B
83,43,B
96,66,A
82,67,A
47,90,B
32,98,B
55,54,B
62,56,B
76,30,B
60,30,B
52,37,B
40,54,B
41,54,B
22,92,B
29,100,B
33,35,C
46,50,B
97,74,A
94,53,A
68,44,B
72,41,B
48,24,C
70,72,A
91,54,A
15,35,C
17,23,C
49,89,B
91,93,A
71,62,B
31,15,C
14,34,C
70,92,A
37,45,B
28,16,C
49,57,B
49,68,B
32,28,C
48,86,B
75,46,B
77,50,B
85,47,B
72,15,B
69,56,B
97,40,B
10,59,C
74,95,A
13,85,B
45,67,B
18,15,C
28,64,B
66,22,B
40,19,C
47,33,B
12,45,C
21,42,C
68,66,B
88,28,B
46,48,B
97,76,A
57,33,B
88,40,B
100,48,A
84,24,B
76,65,A
37,24,C
38,71,B
88,42,B
33,23,C
51,80,B
40,48,B
41,67,B
95,36,B
48,37,B
16,21,C
21,72,B
45,76,B
78,87,A
45,86,B
72,95,A
67,76,A
83,60,A
29,21,C
82,42,B
64,48,B
36,58,B
14,36,C
17,84,B
13,98,B
71,36,B
90,23,B
92,11,B
57,16,C
92,95,A
69,46,B
66,13,C
23,58,B
67,67,B
17,16,C
58,73,B
10,99,B
57,21,C
38,22,C
50,74,B
59,98,A
10,57,C
18,45,C
27,91,B
39,59,B
16,44,C
61,83,A
90,48,B
88,27,B
70,35,B
42,86,B
99,88,A
93,14,B
34,56,B
93,63,A
56,65,B
16,66,B
96,91,A
23,15,C
46,77,B
95,82,A
36,44,B
37,71,B
65,43,B
13,60,C
99,14,B
94,95,A
79,20,B
28,82,B
65,98,A
19,80,B
89,21,B
57,66,B
99,13,B
98,72,A
77,77,A
31,26,C
62,89,A
24,10,C
45,71,B
78,88,A
82,62,A
78,22,B
80,36,B
85,87,A
92,47,B
50,71,B
41,64,B
12,41,C
16,80,B
99,15,B
78,76,A
81,49,B
31,62,B
29,25,C
88,48,B
15,84,B
59,14,C
29,33,C
35,36,C
86,22,B
92,15,B
88,70,A
74,75,A
65,97,A
40,79,B
44,12,C
93,61,A
82,14,B
32,71,B
50,15,C
95,53,A
38,80,B
77,67,A
33,17,C
56,81,B
15,86,B
78,44,B
51,76,B
32,39,C
17,83,B
84,42,B
53,45,B
76,92,A
23,11,C
62,55,B
21,23,C
48,42,B
95,47,A
90,33,B
56,24,B
88,37,B
89,88,A
89,25,B
27,96,B
28,49,C
58,61,B
42,86,B
39,16,C
55,86,A
37,11,C
96,42,B
67,88,A
63,80,A
39,17,C
30,96,B
50,29,C
78,62,A
67,51,B
71,21,B
52,58,B
31,75,B
21,90,B
22,63,B
59,26,B
71,51,B
62,21,B
46,29,C
86,65,A
60,92,A
88,71,A
67,15,B
36,96,B
80,86,A
25,37,C
62,23,B
18,100,B
15,70,B
80,59,B
53,26,C
77,20,B
45,54,B
14,27,C
73,69,A
31,82,B
78,76,A
12,20,C
62,47,B
45,37,B
37,20,C
53,16,C
48,87,B
58,53,B
59,44,B
80,28,B
44,71,B
25,91,B
85,36,B
13,62,C
56,47,B
16,34,C
51,44,B
53,67,B
82,34,B
90,56,A
69,14,B
69,24,B
14,14,C
48,81,B
85,88,A
74,65,B
22,67,B
77,88,A
69,35,B
58,48,B
44,57,B
90,74,A
22,62,B
45,59,B
22,51,C
34,49,B
23,81,B
77,75,A
15,50,C
13,57,C
68,93,A
78,92,A
29,11,C
10,80,B
18,49,C
22,31,C
18,84,B
42,50,B
27,54,B
27,73,B
37,37,C
70,36,B
39,60,B
49,65,B
14,98,B
33,47,B
100,95,A
83,99,A
73,41,B
79,32,B
98,54,A
53,87,A
63,20,B
42,79,B
65,32,B
61,45,B
88,76,A
74,100,A
62,70,B
22,100,B
32,95,B
77,79,A
53,94,A
84,79,A
69,83,A
51,52,B
76,71,A
69,15,B
12,69,B
14,32,C
87,72,A
67,98,A
88,86,A
72,69,A
100,67,A
78,74,A
25,70,B
60,10,C
89,56,A
20,91,B
59,38,B
16,92,B
85,46,B
46,47,B
49,57,B
41,70,B
20,78,B
44,26,C
46,47,B
44,40,B
98,37,B
18,36,C
88,15,B
44,36,B
73,31,B
34,92,B
85,76,A
74,27,B
18,91,B
52,33,B
99,75,A
63,84,A
73,60,B
34,79,B
21,68,B
53,50,B
20,19,C
16,48,C
78,72,A
41,10,C
56,37,B
83,58,A
49,58,B
23,52,C
12,11,C
75,58,B
78,21,B
10,39,C
38,75,B
82,28,B
65,42,B
51,45,B
41,58,B
73,73,A
20,69,B
81,100,A
39,18,C
62,25,B
14,58,C
64,85,A
21,87,B
50,81,B
39,27,C
89,40,B
33,70,B
20,86,B
97,60,A
76,79,A
23,86,B
72,25,B
27,75,B
55,12,C
14,16,C
22,51,C
37,49,B
78,17,B
33,52,B
99,15,B
50,43,B
53,41,B
96,84,A
16,74,B
66,74,A
85,99,A
74,87,A
92,21,B
78,38,B
20,14,C
76,75,A
51,63,B
79,61,A
57,80,B
17,28,C
32,38,C
57,29,B
10,11,C
30,44,C
41,56,B
90,51,A
25,82,B
98,33,B
100,86,A
23,36,C
84,59,A
39,70,B
17,54,C
12,58,C
92,68,A
82,54,B
83,94,A
39,88,B
52,33,B
99,58,A
83,18,B
81,83,A
48,23,C
94,24,B
96,57,A
60,98,A
48,82,B
24,60,B
11,72,B
31,50,B
82,51,B
30,91,B
96,33,B
54,20,C
34,93,B
61,85,A
20,24,C
89,72,A
92,28,B
78,60,B
33,87,B
35,69,B
17,48,C
67,84,A
93,43,B
37,45,B
80,81,A
51,51,B
47,52,B
37,45,B
49,56,B
14,25,C
84,17,B
66,86,A
71,94,A
100,14,B
91,26,B
33,82,B
52,77,B
89,32,B
99,49,A
24,85,B
93,91,A
77,71,A
75,11,B
27,15,C
15,15,C
88,42,B
41,41,B
71,39,B
63,40,B
49,57,B
89,55,A
31,18,C
10,26,C
71,12,B
26,90,B
88,45,B
81,41,B
88,90,A
95,86,A
50,33,B
51,22,C
43,73,B
84,12,B
20,54,C
52,82,B
98,54,A
57,31,B
21,39,C
34,98,B
72,51,B
10,33,C
92,15,B
12,68,B
71,60,B
93,91,A
46,87,B
56,58,B
62,22,B
52,57,B
52,32,B
87,45,B
91,100,A
12,10,C
26,90,B
22,81,B
53,85,B
41,47,B
29,58,B
60,71,B
100,33,B
39,84,B
21,76,B
15,63,C
100,15,B
48,17,C
53,26,C
60,50,B
76,100,A
85,72,A
41,53,B
96,61,A
20,87,B
41,25,C
99,28,B
66,10,C
94,84,A
58,41,B
71,53,B
97,81,A
99,22,B
87,72,A
52,10,C
93,90,A
32,67,B
50,57,B
61,38,B
20,35,C
41,39,B
59,85,A
52,18,C
63,22,B
12,76,B
64,89,A
20,96,B
21,29,C
88,73,A
47,36,B
32,12,C
89,82,A
39,60,B
78,64,A
47,36,B
10,98,B
23,77,B
44,73,B
89,86,A
46,96,A
47,99,A
87,39,B
17,47,C
13,12,C
63,63,B
61,32,B
20,85,B
84,14,B
96,19,B
67,47,B
73,99,A
23,36,C
45,22,C
100,87,A
24,70,B
68,33,B
77,36,B
65,60,B
36,44,B
43,22,C
62,71,B
32,97,B
73,73,A
60,85,A
58,57,B
39,69,B
72,17,B
95,96,A
45,91,B
48,50,B
96,27,B
44,11,C
86,91,A
93,87,A
65,75,A
15,39,C
89,17,B
38,30,C
23,88,B
99,56,A
86,99,A
49,91,A
34,38,C
35,42,C
67,80,A
49,71,B
84,77,A
87,33,B
51,36,B
55,35,B
60,15,C
32,64,B
42,26,C
17,59,C
21,67,B
38,80,B
63,58,B
30,99,B
99,36,B
52,28,B
33,32,C
73,94,A
31,74,B
93,64,A
52,97,A
100,57,A
79,41,B
92,40,B
77,43,B
41,94,B
16,93,B
84,19,B
75,33,B
96,63,A
23,54,C
29,16,C
75,68,A
40,92,B
99,61,A
83,91,A
20,53,C
58,41,B
69,70,B
35,53,B
98,31,B
37,92,B
68,29,B
48,41,B
82,42,B
71,61,B
70,14,B
54,95,A
38,11,C
12,55,C
67,99,A
17,79,B
82,86,A
88,36,B
35,25,C
76,69,A
36,87,B
17,95,B
96,88,A
73,73,A
57,53,B
31,10,C
64,13,C
50,17,C
10,92,B
79,89,A
54,57,B
41,38,C
29,65,B
29,15,C
13,28,C
72,25,B
78,83,A
42,80,B
76,57,B
11,43,C
41,95,B
50,63,B
65,88,A
93,52,A
13,42,C
15,41,C
91,83,A
80,17,B
49,14,C
53,86,B
61,56,B
70,91,A
43,17,C
54,91,A
35,75,B
14,76,B
78,63,A
76,42,B
44,67,B
34,87,B
73,81,A
55,52,B
97,32,B
40,31,C
50,33,B
56,71,B
54,57,B
69,84,A
80,65,A
25,57,B
73,68,A
47,95,A
48,44,B
85,23,B
23,65,B
96,39,B
36,73,B
35,76,B
85,87,A
36,24,C
64,63,B
72,77,A
69,49,B
74,29,B
71,43,B
53,14,C
47,32,C
88,96,A
39,48,B
20,22,C
29,50,C
16,60,C
17,48,C
61,23,B
36,99,B
24,67,B
86,45,B
23,31,C
57,95,A
23,60,B
13,27,C
59,92,A
85,100,A
77,39,B
70,95,A
91,39,B
60,98,A
33,99,B
75,42,B
95,57,A
44,70,B
83,42,B
25,58,B
26,24,C
42,34,C
40,54,B
85,86,A
64,81,A
88,76,A
42,47,B
26,85,B
71,100,A
82,21,B
27,93,B
79,66,A
47,90,B
82,13,B
83,88,A
89,90,A
89,34,B
34,59,B
48,53,B
52,92,A
43,38,B
17,96,B
10,83,B
30,22,C
21,77,B
18,23,C
49,25,C
67,90,A
67,50,B
73,65,B
26,88,B
85,83,A
46,23,C
68,13,B
28,17,C
54,56,B
92,96,A
70,83,A
43,38,B
98,33,B
78,35,B
46,66,B
80,22,B
49,36,B
42,51,B
12,78,B
55,36,B
34,17,C
35,49,B
82,85,A
91,25,B
67,45,B
21,36,C
82,66,A
61,62,B
54,31,B
26,100,B
47,88,B
89,69,A
39,55,B
66,44,B
62,51,B
100,59,A
44,15,C
45,19,C
82,71,A
95,67,A
34,57,B
22,42,C
98,84,A
50,33,B
19,37,C
22,89,B
90,70,A
12,21,C
33,74,B
50,36,B
78,73,A
44,97,A
33,96,B
49,23,C
100,84,A
84,68,A
20,38,C
15,27,C
51,47,B
79,69,A
92,76,A
58,88,A
87,88,A
36,95,B
34,89,B
65,14,C
97,76,A
59,85,A
81,30,B
37,13,C
45,22,C
61,98,A
12,92,B
82,31,B
47,73,B
38,26,C
24,27,C
61,50,B
23,45,C
42,17,C
37,72,B
84,88,A
29,95,B
40,33,C
53,16,C
27,69,B
60,24,B
65,42,B
73,14,B
97,17,B
77,49,B
24,45,C
97,46,A
52,77,B
51,76,B
49,91,A
76,20,B
10,27,C
89,67,A
16,55,C
33,85,B
42,12,C
36,30,C
14,41,C
98,83,A
82,56,B
77,58,B
43,71,B
81,15,B
47,17,C
66,78,A
75,93,A
68,12,B
27,11,C
66,73,B
63,79,A
14,72,B
67,46,B
69,70,B
85,48,B
17,13,C
78,59,B
54,23,C
20,39,C
37,17,C
100,51,A
54,12,C
51,89,A
81,94,A
28,30,C
50,52,B
22,51,C
50,92,A
89,77,A
29,93,B
29,91,B
13,93,B
61,54,B
65,83,A
12,66,C
29,45,C
94,79,A
97,50,A
30,78,B
31,41,C
32,32,C
71,88,A
84,45,B
58,50,B
91,48,B
52,25,C
20,58,C
81,17,B
41,66,B
97,27,B
70,22,B
49,57,B
96,89,A
79,44,B
10,44,C
35,16,C
80,41,B
67,25,B
85,87,A
99,68,A
69,50,B
62,83,A
60,51,B
46,62,B
41,60,B
60,51,B
72,10,B
39,16,C
94,11,B
98,52,A
19,36,C
33,96,B
32,18,C
97,60,A
36,21,C
77,21,B
64,62,B
48,82,B
15,57,C
67,29,B
65,19,B
47,61,B
46,55,B
89,16,B
50,43,B
53,80,B
97,20,B
98,33,B
63,59,B
11,67,C
25,60,B
45,18,C
73,89,A
27,86,B
16,90,B
47,55,B
95,92,A
15,69,B
39,64,B
50,34,B
19,95,B
46,25,C
33,37,C
19,25,C
71,92,A
92,92,A
16,57,C
77,32,B
47,47,B
45,99,A
12,89,B
38,26,C
61,15,C
25,79,B
61,37,B
47,28,C
68,27,B
66,71,B
28,22,C
37,100,B
65,41,B
14,74,B
61,64,B
36,14,C
80,16,B
22,32,C
66,38,B
28,12,C
99,98,A
13,29,C
16,52,C
82,61,A
48,50,B
84,97,A
60,52,B
97,22,B
92,54,A
14,69,B
24,13,C
68,13,B
59,55,B
52,96,A
99,37,B
87,35,B
80,72,A
87,38,B
27,76,B
67,15,B
68,44,B
52,43,B
98,25,B
75,95,A
48,36,B
86,12,B
99,54,A
66,44,B
55,73,B
40,31,C
62,76,B
44,76,B
26,68,B
90,19,B
96,51,A
62,30,B
52,61,B
20,67,B
14,80,B
37,99,B
73,53,B
76,85,A
51,25,C
63,70,B
35,37,C
15,36,C
100,55,A
45,77,B
10,27,C
93,36,B
16,20,C
55,40,B
76,33,B
15,93,B
36,26,C
57,67,B
76,74,A
17,82,B
95,18,B
85,21,B
21,87,B
86,35,B
72,63,B
79,77,A
57,47,B
51,70,B
27,95,B
21,76,B
40,79,B
37,31,C
25,54,C
99,62,A
14,29,C
33,78,B
31,42,C
44,53,B
18,62,B
56,78,B
30,40,C
28,19,C
77,25,B
90,33,B
61,73,B
18,58,C
93,62,A
50,21,C
67,90,A
93,53,A
92,51,A
95,69,A
55,74,B
95,17,B
86,61,A
25,72,B
17,28,C
14,69,B
11,95,B
28,86,B
13,30,C
10,10,C
39,27,C
46,62,B
66,51,B
29,39,C
58,31,B
34,88,B
30,59,B
77,46,B
30,25,C
48,72,B
20,41,C
76,44,B
26,76,B
89,99,A
31,57,B
10,33,C
17,55,C
18,52,C
19,90,B
77,54,B
50,50,B
15,45,C
86,66,A
33,68,B
44,60,B
37,40,C
43,20,C
71,53,B
20,15,C
34,96,B
51,25,C
38,33,C
37,89,B
16,18,C
54,37,B
82,21,B
100,41,A
51,90,A
47,26,C
50,31,B
27,85,B
56,78,B
46,12,C
38,51,B
78,81,A
47,69,B
23,94,B
26,57,B
29,40,C
93,99,A
10,11,C
54,29,B
44,87,B
22,13,C
71,15,B
26,81,B
86,87,A
36,44,B
37,94,B
55,58,B
65,21,B
42,40,B
12,99,B
96,47,A
86,91,A
40,85,B
30,60,B
70,99,A
73,87,A
11,42,C
21,21,C
74,88,A
15,40,C
25,87,B
57,91,A
97,70,A
90,68,A
55,35,B
79,38,B
36,64,B
17,54,C
67,84,A
81,42,B
39,46,B
63,55,B
69,76,A
78,66,A
94,92,A
10,47,C
16,99,B
93,90,A
57,38,B
70,98,A
53,76,B
35,94,B
95,78,A
27,89,B
79,68,A
66,52,B
18,24,C
38,71,B
92,67,A
96,100,A
80,67,A
83,87,A
85,58,A
21,80,B
83,91,A
53,27,B
60,10,C
66,70,B
90,64,A
87,47,B
69,84,A
64,23,B
16,89,B
17,38,C
17,62,C
85,48,B
70,35,B
17,48,C
82,38,B
97,52,A
34,98,B
73,64,B
10,90,B
16,88,B
61,87,A
17,41,C
27,29,C
14,41,C
73,91,A
15,12,C
81,10,B
49,94,A
22,19,C
26,73,B
61,81,A
66,51,B
12,53,C
74,24,B
73,91,A
59,38,B
75,29,B
96,71,A
15,72,B
71,19,B
72,70,A
49,55,B
21,72,B
42,60,B
90,100,A
60,62,B
30,40,C
90,21,B
57,11,C
73,77,A
97,92,A
50,12,C
59,46,B
16,24,C
65,56,B
74,43,B
55,26,B
36,92,B
98,77,A
53,47,B
34,46,B
35,60,B
93,31,B
61,62,B
20,24,C
36,38,C
29,92,B
67,29,B
55,85,A
67,53,B
67,67,B
25,25,C
49,35,B
26,93,B
85,88,A
81,21,B
51,56,B
84,18,B
99,35,B
32,16,C
17,68,B
85,98,A
47,27,C
90,35,B
56,14,C
97,51,A
99,62,A
41,75,B
64,69,B
75,10,B
93,30,B
41,47,B
91,19,B
66,27,B
50,89,B
86,75,A
56,94,A
89,48,B
28,26,C
70,17,B
97,31,B
75,54,B
77,19,B
27,15,C
57,95,A
54,98,A
88,54,A
100,29,B
56,87,A
78,25,B
52,14,C
83,16,B
37,37,C
81,19,B
56,31,B
81,71,A
71,24,B
59,88,A
97,88,A
11,46,C
40,70,B
61,43,B
32,14,C
96,66,A
61,17,C
26,90,B
77,51,B
52,74,B
29,78,B
48,50,B
12,71,B
50,84,B
54,48,B
60,44,B
90,32,B
15,50,C
83,95,A
95,24,B
48,82,B
54,21,C
41,48,B
70,59,B
20,87,B
96,27,B
96,34,B
69,47,B
65,36,B
16,90,B
76,46,B
86,71,A
62,62,B
27,77,B
97,43,A
11,13,C
65,92,A
16,21,C
44,36,B
93,44,B
40,40,B
65,89,A
31,65,B
51,13,C
48,30,C
26,91,B
12,13,C
43,61,B
44,69,B
49,69,B
70,73,A
42,61,B
65,33,B
55,81,B
80,100,A
36,29,C
87,32,B
13,63,C
26,44,C
49,50,B
80,18,B
86,10,B
75,81,A
60,99,A
48,82,B
92,82,A
40,98,B
14,38,C
16,49,C
96,67,A
49,41,B
61,44,B
27,43,C
83,12,B
62,66,B
34,31,C
83,27,B
15,74,B
84,53,B
36,34,C
74,59,B
18,48,C
15,90,B
23,19,C
66,31,B
81,20,B
33,70,B
43,15,C
51,52,B
70,17,B
58,83,A
59,41,B
11,45,C
60,72,B
12,99,B
21,44,C
11,41,C
52,91,A
82,20,B
54,91,A
13,94,B
98,15,B
27,97,B
32,90,B
71,58,B
88,15,B
47,38,B
58,78,B
69,25,B
39,69,B
63,68,B
49,74,B
48,91,B
27,84,B
50,71,B
85,97,A
34,63,B
73,38,B
100,41,A
67,82,A
40,85,B
32,52,B
78,49,B
24,78,B
20,33,C
54,45,B
60,83,A
54,54,B
56,11,C
49,70,B
65,53,B
57,27,B
77,68,A
48,75,B
42,91,B
32,44,C
62,47,B
15,20,C
92,15,B
28,42,C
96,78,A
77,92,A
46,57,B
29,66,B
50,75,B
83,42,B
66,53,B
84,80,A
27,77,B
89,60,A
91,15,B
76,37,B
44,81,B
48,46,B
78,40,B
92,53,A
15,19,C
80,10,B
64,37,B
20,100,B
94,99,A
52,52,B
12,40,C
64,34,B
26,39,C
59,73,B
10,80,B
61,92,A
27,62,B
83,51,B
57,79,B
100,50,A
92,51,A
85,39,B
92,10,B
46,43,B
96,27,B
67,14,B
55,31,B
24,49,C
46,60,B
60,62,B
55,58,B
16,47,C
18,79,B
39,31,C
47,28,C
35,83,B
10,21,C
52,21,C
17,23,C
13,72,B
41,40,B
97,87,A
57,77,B
98,42,A
16,73,B
73,40,B
28,31,C
87,40,B
63,62,B
88,12,B
93,91,A
65,64,B
29,45,C
34,69,B
39,82,B
58,29,B
61,79,A
50,32,B
70,37,B
55,33,B
16,35,C
44,90,B
11,55,C
12,58,C
60,20,B
97,20,B
72,33,B
35,37,C
11,31,C
12,77,B
22,17,C
46,43,B
81,88,A
17,72,B
11,89,B
25,66,B
86,87,A
99,100,A
40,84,B
57,57,B
44,12,C
33,87,B
42,72,B
77,44,B
57,25,B
91,22,B
45,76,B
48,98,A
12,53,C
78,50,B
62,86,A
59,32,B
51,71,B
32,10,C
80,46,B
72,24,B
36,31,C
15,55,C
90,53,A
48,55,B
100,63,A
41,86,B
48,73,B
23,94,B
39,87,B
71,52,B
36,54,B
23,72,B
99,37,B
64,58,B
71,68,B
55,16,C
39,27,C
23,77,B
76,87,A
13,58,C
13,83,B
39,46,B
28,61,B
60,25,B
69,48,B
65,43,B
77,50,B
81,49,B
30,14,C
76,13,B
16,31,C
70,22,B
29,80,B
100,30,B
54,15,C
86,77,A
54,42,B
75,87,A
27,25,C
93,34,B
18,56,C
23,77,B
32,22,C
93,71,A
30,47,C
23,96,B
75,91,A
96,20,B
21,96,B
60,61,B
100,87,A
99,23,B
26,64,B
36,31,C
13,38,C
99,12,B
78,26,B
71,36,B
31,47,C
72,99,A
34,43,C
92,92,A
43,52,B
47,96,A
67,36,B
19,59,C
94,78,A
85,57,A
73,10,B
72,15,B
22,62,B
33,87,B
97,38,B
99,99,A
59,48,B
85,27,B
85,16,B
27,14,C
59,82,A
93,90,A
60,38,B
100,58,A
11,91,B
60,54,B
40,52,B
64,71,B
18,97,B
28,32,C
51,74,B
70,58,B
42,20,C
31,96,B
92,76,A
58,43,B
57,62,B
35,53,B
25,85,B
94,78,A
12,58,C
25,69,B
14,28,C
49,21,C
30,13,C
11,94,B
30,90,B
33,90,B
54,97,A
58,36,B
21,57,C
77,22,B
49,67,B
25,61,B
55,66,B
53,82,B
13,84,B
46,23,C
54,61,B
22,66,B
84,20,B
29,14,C
84,17,B
77,62,B
30,76,B
19,78,B
18,69,B
26,27,C
21,36,C
58,67,B
71,29,B
40,59,B
45,39,B
57,21,C
82,73,A
27,91,B
99,38,B
26,98,B
34,40,C
37,43,B
32,99,B
66,47,B
60,83,A
91,74,A
20,98,B
43,50,B
58,99,A
40,67,B
31,84,B
98,92,A
31,92,B
64,12,C
76,22,B
14,78,B
52,81,B
71,73,A
15,27,C
84,37,B
98,75,A
38,37,C
82,10,B
50,49,B
26,90,B
39,66,B
74,79,A
48,33,B
85,30,B
27,52,C
40,68,B
21,10,C
27,69,B
63,65,B
37,16,C
31,77,B
34,42,C
69,10,C
29,93,B
52,40,B
52,89,A
76,30,B
98,70,A
80,52,B
38,40,C
19,35,C
41,90,B
64,42,B
54,14,C
85,61,A
89,62,A
41,53,B
12,24,C
77,14,B
20,73,B
75,12,B
54,61,B
18,62,B
17,80,B
47,60,B
53,52,B
98,48,A
48,74,B
44,21,C
68,80,A
95,25,B
98,12,B
79,72,A
10,50,C
65,25,B
52,66,B
92,72,A
54,29,B
50,55,B
52,100,A
21,94,B
41,37,C
65,98,A
85,27,B
86,55,A
33,39,C
98,98,A
36,27,C
62,53,B
88,69,A
56,57,B
65,76,A
94,53,A
78,31,B
50,52,B
62,16,C
87,46,B
50,21,C
51,94,A
54,80,B
27,52,C
19,83,B
97,72,A
19,100,B
70,25,B
50,97,A
28,24,C
23,31,C
41,66,B
54,98,A
78,61,B
46,29,C
42,68,B
49,73,B
65,81,A
73,92,A
91,93,A
54,21,C
23,77,B
87,82,A
10,28,C
51,43,B
51,14,C
12,86,B
79,56,B
27,86,B
96,33,B
100,34,B
72,76,A
77,83,A
68,36,B
56,62,B
93,84,A
76,14,B
87,13,B
20,74,B
90,31,B
42,87,B
57,33,B
80,31,B
67,85,A
44,65,B
16,60,C
20,32,C
99,48,A
63,86,A
76,83,A
19,47,C
51,10,C
16,33,C
24,45,C
55,82,B
98,81,A
78,94,A
93,81,A
82,90,A
82,91,A
65,52,B
31,40,C
98,58,A
35,10,C
99,73,A
32,23,C
17,95,B
53,93,A
99,82,A
98,42,A
10,76,B
20,92,B
13,59,C
30,23,C
69,48,B
87,71,A
20,83,B
48,57,B
85,67,A
70,34,B
63,98,A
42,66,B
76,31,B
25,79,B
75,62,B
37,22,C
10,37,C
92,35,B
85,83,A
50,14,C
39,90,B
37,53,B
46,34,B
51,32,B
86,66,A
80,88,A
49,73,B
83,17,B
60,87,A
58,52,B
64,90,A
78,65,A
77,78,A
66,51,B
65,73,B
96,90,A
47,70,B
43,62,B
26,95,B
62,51,B
38,37,C
20,22,C
97,95,A
77,62,B
98,87,A
90,91,A
65,48,B
14,66,B
85,14,B
97,37,B
55,22,C
54,65,B
29,23,C
98,37,B
94,88,A
89,70,A
30,54,B
61,10,C
17,41,C
76,62,B
21,57,C
34,77,B
70,24,B
81,94,A
80,64,A
38,52,B
41,85,B
98,56,A
34,18,C
41,36,C
19,49,C
86,13,B
53,89,A
39,44,B
23,21,C
100,28,B
86,49,B
35,54,B
39,79,B
33,86,B
62,14,C
99,11,B
80,84,A
21,71,B
21,46,C
53,19,C
37,50,B
87,21,B
98,42,A
57,89,A
73,86,A
74,12,B
19,67,B
98,13,B
58,92,A
69,66,B
31,30,C
35,63,B
49,96,A
58,50,B
65,22,B
13,42,C
77,83,A
87,44,B
62,29,B
80,76,A
27,74,B
21,94,B
83,64,A
76,91,A
30,61,B
80,48,B
49,14,C
67,34,B
45,98,A
44,75,B
38,10,C
40,79,B
67,38,B
16,59,C
28,27,C
81,66,A
38,83,B
50,92,A
20,42,C
15,89,B
85,82,A
70,100,A
62,37,B
23,83,B
27,81,B
79,31,B
21,53,C
95,54,A
26,87,B
35,76,B
88,63,A
91,20,B
26,34,C
63,81,A
59,98,A
10,80,B
81,30,B
83,50,B
58,81,B
26,98,B
28,50,C
31,56,B
23,43,C
54,17,C
43,44,B
63,45,B
86,91,A
55,18,C
43,23,C
36,94,B
64,37,B
90,13,B
84,82,A
78,17,B
17,78,B
64,32,B
78,83,A
57,76,B
39,57,B
28,74,B
62,92,A
82,96,A
69,47,B
25,40,C
17,91,B
62,88,A
80,99,A
29,74,B
43,40,B
68,61,B
61,39,B
100,13,B
80,88,A
76,37,B
55,48,B
81,45,B
96,95,A
90,67,A
77,17,B
96,52,A
100,13,B
94,12,B
97,25,B
76,20,B
48,81,B
57,11,C
11,37,C
58,77,B
56,95,A
65,24,B
86,71,A
66,83,A
53,100,A
64,87,A
46,36,B
88,85,A
85,99,A
48,19,C
73,38,B
66,67,B
25,86,B
97,31,B
48,99,A
80,32,B
83,34,B
14,69,B
89,42,B
77,98,A
82,21,B
87,54,A
61,92,A
16,99,B
20,34,C
86,63,A
65,96,A
81,18,B
15,75,B
72,65,B
77,29,B
51,25,C
53,58,B
12,45,C
21,54,C
80,91,A
48,64,B
78,46,B
87,13,B
35,98,B
51,68,B
17,26,C
53,71,B
15,77,B
53,10,C
89,88,A
22,16,C
81,14,B
89,51,A
91,39,B
93,11,B
84,64,A
70,70,A
57,46,B
46,96,A
14,79,B
83,83,A
64,33,B
34,34,C
11,23,C
28,60,B
80,65,A
73,48,B
71,53,B
11,16,C
23,20,C
33,12,C
17,90,B
33,67,B
52,93,A
75,42,B
27,68,B
36,36,C
23,76,B
30,88,B
10,96,B
66,82,A
75,98,A
11,32,C
72,52,B
46,41,B
82,23,B
14,100,B
87,52,B
45,61,B
74,64,B
59,95,A
98,94,A
36,43,C
18,95,B
26,36,C
85,14,B
46,68,B
94,74,A
87,70,A
61,83,A
99,39,B
59,16,C
92,85,A
28,67,B
62,52,B
86,69,A
82,62,A
81,84,A
81,56,B
31,28,C
80,65,A
10,61,C
24,23,C
20,81,B
38,93,B
29,80,B
43,84,B
23,62,B
65,13,C
68,94,A
29,47,C
84,63,A
86,44,B
10,30,C
80,51,B
22,31,C
10,42,C
50,46,B
93,80,A
86,68,A
58,23,B
95,28,B
23,91,B
96,62,A
31,50,B
87,53,A
73,60,B
51,86,B
86,75,A
96,27,B
84,42,B
48,83,B
77,10,B
14,28,C
97,27,B
68,74,A
30,12,C
87,12,B
75,65,A
25,69,B
50,69,B
95,89,A
10,72,B
30,86,B
75,15,B
71,51,B
72,20,B
60,37,B
21,47,C
33,51,B
75,54,B
21,49,C
10,49,C
45,78,B
25,16,C
13,55,C
91,57,A
70,81,A
39,10,C
15,89,B
38,62,B
66,90,A
99,36,B
63,81,A
82,92,A
44,83,B
23,72,B
75,59,B
43,90,B
17,51,C
86,67,A
51,23,C
50,97,A
42,85,B
49,76,B
75,30,B
12,50,C
68,30,B
95,75,A
38,57,B
90,17,B
70,63,B
35,63,B
65,48,B
15,65,B
46,67,B
71,48,B
60,60,B
94,47,A
92,88,A
58,56,B
66,41,B
81,77,A
32,16,C
90,63,A
98,64,A
80,45,B
30,24,C
80,56,B
82,100,A
11,25,C
82,97,A
91,37,B
93,82,A
37,92,B
14,15,C
13,18,C
80,74,A
76,45,B
45,80,B
18,78,B
59,32,B
74,55,B
39,78,B
43,28,C
64,74,B
85,94,A
70,39,B
28,84,B
72,41,B
99,29,B
60,81,A
28,26,C
15,10,C
66,96,A
47,78,B
95,41,B
53,60,B
84,39,B
48,65,B
29,17,C
88,68,A
51,35,B
77,82,A
52,69,B
91,88,A
34,29,C
77,19,B
14,83,B
69,13,B
64,12,C
69,50,B
52,69,B
37,75,B
34,73,B
31,57,B
64,39,B
68,96,A
28,73,B
48,66,B
100,84,A
60,69,B
100,47,A
67,34,B
89,55,A
91,11,B
61,82,A
71,67,B
80,52,B
92,30,B
39,30,C
84,80,A
18,60,C
14,33,C
87,31,B
77,24,B
40,96,B
86,39,B
70,74,A
69,95,A
60,12,C
29,96,B
67,65,B
81,61,A
93,47,A
11,87,B
82,66,A
54,21,C
56,67,B
64,87,A
88,29,B
96,53,A
97,54,A
82,51,B
14,20,C
75,73,A
99,91,A
69,38,B
60,23,B
72,85,A
92,53,A
51,80,B
40,54,B
50,92,A
57,16,C
65,72,B
58,78,B
82,89,A
96,86,A
26,97,B
38,26,C
66,44,B
76,11,B
50,66,B
52,59,B
34,95,B
62,79,A
28,36,C
10,33,C
84,46,B
51,20,C
13,73,B
43,49,B
27,12,C
72,25,B
17,91,B
35,69,B
87,72,A
18,10,C
95,11,B
50,58,B
45,92,B
57,80,B
33,59,B
81,17,B
51,55,B
91,76,A
37,30,C
83,22,B
31,73,B
54,10,C
17,12,C
83,17,B
60,33,B
90,46,B
35,78,B
91,26,B
100,71,A
35,56,B
29,30,C
28,87,B
79,32,B
22,29,C
36,42,C
50,96,A
75,69,A
93,55,A
42,49,B
41,61,B
93,22,B
38,85,B
23,95,B
70,22,B
71,44,B
41,53,B
75,18,B
100,50,A
22,44,C
26,46,C
29,19,C
15,19,C
45,96,A
95,44,B
96,75,A
17,42,C
78,100,A
90,60,A
48,63,B
47,51,B
30,45,C
94,31,B
54,18,C
66,99,A
10,87,B
83,89,A
27,66,B
77,38,B
92,21,B
11,90,B
55,22,C
64,93,A
75,17,B
10,86,B
96,85,A
10,59,C
41,23,C
61,25,B
62,41,B
69,26,B
54,11,C
56,35,B
55,54,B
89,46,B
41,32,C
21,10,C
66,19,B
69,90,A
96,25,B
50,100,A
82,86,A
41,84,B
49,70,B
99,85,A
95,68,A
52,12,C
51,96,A
65,83,A
35,25,C
85,25,B
74,17,B
15,17,C
44,19,C
71,94,A
18,43,C
64,31,B
43,85,B
17,88,B
18,24,C
65,54,B
15,80,B
95,47,A
25,28,C
35,69,B
23,51,C
78,36,B
66,26,B
15,80,B
22,44,C
67,73,A
20,37,C
88,11,B
36,46,B
99,90,A
76,24,B
91,100,A
17,12,C
40,82,B
21,93,B
61,92,A
23,54,C
10,11,C
55,94,A
30,29,C
25,76,B
78,19,B
59,19,C
11,94,B
33,86,B
55,32,B
95,88,A
68,71,B
16,32,C
42,90,B
18,66,B
68,13,B
98,38,B
28,76,B
44,21,C
18,88,B
29,66,B
20,82,B
40,49,B
55,74,B
82,82,A
26,21,C
46,52,B
53,25,C
69,20,B
92,81,A
98,37,B
61,19,B
80,46,B
91,97,A
37,59,B
57,46,B
80,64,A
20,20,C
20,82,B
11,86,B
34,90,B
71,43,B
26,44,C
87,90,A
100,57,A
88,15,B
55,19,C
16,94,B
60,86,A
37,32,C
81,30,B
83,71,A
38,100,B
18,56,C
64,57,B
76,84,A
78,49,B
88,81,A
52,26,C
42,67,B
59,35,B
29,88,B
56,32,B
67,15,B
77,62,B
65,31,B
75,49,B
21,54,C
43,24,C
46,34,B
67,62,B
41,87,B
11,82,B
96,45,A
77,18,B
73,88,A
19,23,C
12,79,B
75,39,B
51,70,B
68,17,B
33,92,B
87,23,B
80,81,A
61,17,C
11,14,C
77,40,B
76,90,A
25,88,B
91,88,A
57,21,C
29,63,B
39,86,B
74,92,A
84,51,B
37,53,B
96,61,A
66,28,B
11,78,B
65,96,A
86,46,B
77,18,B
87,68,A
22,95,B
16,32,C
60,11,C
73,71,A
32,26,C
28,43,C
47,83,B
49,11,C
58,59,B
72,41,B
79,33,B
71,73,A
76,20,B
34,90,B
14,56,C
49,18,C
47,14,C
75,81,A
13,91,B
19,69,B
89,37,B
92,76,A
50,15,C
73,20,B
66,99,A
34,90,B
58,21,C
55,10,C
39,98,B
92,68,A
49,64,B
21,53,C
56,58,B
53,94,A
89,34,B
36,54,B
71,58,B
51,81,B
19,88,B
10,57,C
61,75,B
20,84,B
66,13,C
72,87,A
27,95,B
87,41,B
94,63,A
56,74,B
87,83,A
28,36,C
33,75,B
37,99,B
76,97,A
35,27,C
35,59,B
82,99,A
80,33,B
75,24,B
59,93,A
86,76,A
30,61,B
90,31,B
97,28,B
98,99,A
63,41,B
28,55,B
99,39,B
14,62,C
82,65,A
81,67,A
16,54,C
57,52,B
23,31,C
41,63,B
21,39,C
66,61,B
94,14,B
86,13,B
25,94,B
36,95,B
40,45,B
93,18,B
91,89,A
38,94,B
42,32,C
83,20,B
70,91,A
13,71,B
73,18,B
48,58,B
81,30,B
89,16,B
37,29,C
26,55,B
57,86,A
34,92,B
92,85,A
82,32,B
16,13,C
39,67,B
29,79,B
62,68,B
51,89,A
47,31,C
30,44,C
24,79,B
66,82,A
87,54,A
16,59,C
47,90,B
98,75,A
24,91,B
11,31,C
19,57,C
81,25,B
29,27,C
19,49,C
100,49,A
48,73,B
60,95,A
58,27,B
20,33,C
12,36,C
25,22,C
92,76,A
85,98,A
47,57,B
25,90,B
39,83,B
83,93,A
27,87,B
62,70,B
88,98,A
14,68,B
94,44,B
56,55,B
36,71,B
83,20,B
81,62,A
100,67,A
86,90,A
13,52,C
25,82,B
30,79,B
35,87,B
15,22,C
71,84,A
26,78,B
57,11,C
86,91,A
38,91,B
89,62,A
94,56,A
46,49,B
59,27,B
42,73,B
88,22,B
64,41,B
98,17,B
51,30,B
12,43,C
60,98,A
51,59,B
64,33,B
22,49,C
73,83,A
95,26,B
88,65,A
99,85,A
29,36,C
63,24,B
78,57,B
28,52,B
63,48,B
66,75,A
66,31,B
100,37,B
29,42,C
36,37,C
51,83,B
69,48,B
32,68,B
42,71,B
60,57,B
98,61,A
33,58,B
26,78,B
72,26,B
23,67,B
85,94,A
26,47,C
55,54,B
45,47,B
52,42,B
50,78,B
98,77,A
62,54,B
53,78,B
58,29,B
94,75,A
53,12,C
30,65,B
21,91,B
36,69,B
79,21,B
80,18,B
73,75,A
65,26,B
43,15,C
53,55,B
76,43,B
23,41,C
11,30,C
74,60,B
24,24,C
51,70,B
98,82,A
55,66,B
78,74,A
76,72,A
46,39,B
50,54,B
15,32,C
50,83,B
67,95,A
59,14,C
28,48,C
72,16,B
77,84,A
77,52,B
35,49,B
95,90,A
48,88,B
49,42,B
87,84,A
12,45,C
49,92,A
13,62,C
48,46,B
70,25,B
77,26,B
11,50,C
19,97,B
25,43,C
82,69,A
74,62,B
83,48,B
85,92,A
48,51,B
44,92,B
61,39,B
84,23,B
99,39,B
18,23,C
68,15,B
33,90,B
11,14,C
84,72,A
32,60,B
78,85,A
35,16,C
30,25,C
74,12,B
97,79,A
72,61,B
71,33,B
95,90,A
50,70,B
15,55,C
50,75,B
73,50,B
30,26,C
40,54,B
41,56,B
62,90,A
87,38,B
46,19,C
33,14,C
11,93,B
54,42,B
76,49,B
81,80,A
14,64,C
79,64,A
61,56,B
49,98,A
38,79,B
50,56,B
74,31,B
18,28,C
56,16,C
23,68,B
30,93,B
26,98,B
88,52,A
24,57,B
41,97,B
75,89,A
66,47,B
49,13,C
97,24,B
23,55,C
38,23,C
72,32,B
93,76,A
68,94,A
65,88,A
47,72,B
68,48,B
28,65,B
61,85,A
91,24,B
67,38,B
17,74,B
39,51,B
67,68,B
37,92,B
41,97,B
30,74,B
74,72,A
61,67,B
90,21,B
80,64,A
30,15,C
98,10,B
94,87,A
20,30,C
53,76,B
88,52,A
91,54,A
89,86,A
97,32,B
50,47,B
74,88,A
52,49,B
30,50,B
70,68,B
65,99,A
83,69,A
22,46,C
82,16,B
89,27,B
77,71,A
25,81,B
39,19,C
91,55,A
30,96,B
66,48,B
79,30,B
40,59,B
97,16,B
87,86,A
40,77,B
22,42,C
37,89,B
45,11,C
98,72,A
29,42,C
12,63,C
89,60,A
68,25,B
49,84,B
11,10,C
85,87,A
34,89,B
51,91,A
65,98,A
95,55,A
52,40,B
95,55,A
78,97,A
76,67,A
86,12,B
66,21,B
47,26,C
11,87,B
95,12,B
11,20,C
86,14,B
50,96,A
21,80,B
74,36,B
64,93,A
10,76,B
55,50,B
40,35,C
86,27,B
88,45,B
96,94,A
16,75,B
51,18,C
38,70,B
71,69,A
17,58,C
11,75,B
27,64,B
68,22,B
66,35,B
42,55,B
62,62,B
41,83,B
48,20,C
65,38,B
55,46,B
49,90,B
18,33,C
99,17,B
55,10,C
61,88,A
83,24,B
37,14,C
36,93,B
99,34,B
100,40,A
30,80,B
12,63,C
67,20,B
76,31,B
74,52,B
15,39,C
68,99,A
18,57,C
98,60,A
27,78,B
80,47,B
10,85,B
90,31,B
37,35,C
29,86,B
35,81,B
11,21,C
12,75,B
85,89,A
78,51,B
31,12,C
47,21,C
82,89,A
75,93,A
29,84,B
24,99,B
69,95,A
58,54,B
18,65,B
51,41,B
56,29,B
60,80,A
63,91,A
25,100,B
85,100,A
97,25,B
58,100,A
69,66,B
85,40,B
65,31,B
75,67,A
63,18,B
16,14,C
16,51,C
86,51,B
34,40,C
60,11,C
87,73,A
93,60,A
56,83,B
10,24,C
32,65,B
61,89,A
44,45,B
94,28,B
15,34,C
43,34,C
14,90,B
43,49,B
21,87,B
73,62,B
21,81,B
89,53,A
88,94,A
37,24,C
48,11,C
48,95,A
93,85,A
61,24,B
66,42,B
45,79,B
25,82,B
79,67,A
30,57,B
67,62,B
33,29,C
85,71,A
98,28,B
52,60,B
85,61,A
18,40,C
46,58,B
58,42,B
16,27,C
95,94,A
48,96,A
17,57,C
86,43,B
43,54,B
39,61,B
75,50,B
56,55,B
43,78,B
78,31,B
40,21,C
56,47,B
25,16,C
57,99,A
58,73,B
43,33,C
61,44,B
79,94,A
39,55,B
13,11,C
84,58,A
65,10,C
61,97,A
24,32,C
52,81,B
37,29,C
27,89,B
68,74,A
51,74,B
54,53,B
86,19,B
89,100,A
13,48,C
94,51,A
27,20,C
58,19,C
52,94,A
44,73,B
96,49,A
73,38,B
67,37,B
21,53,C
39,10,C
87,22,B
26,28,C
69,87,A
45,13,C
21,54,C
55,47,B
50,19,C
65,64,B
84,69,A
69,32,B
13,33,C
98,52,A
100,17,B
32,42,C
82,13,B
45,70,B
39,77,B
100,21,B
41,70,B
26,19,C
69,80,A
80,87,A
32,60,B
46,86,B
75,65,A
52,59,B
27,21,C
22,66,B
88,17,B
66,19,B
69,43,B
87,11,B
16,59,C
68,15,B
83,28,B
39,71,B
47,69,B
88,60,A
54,97,A
93,70,A
32,15,C
57,97,A
22,68,B
72,87,A
58,79,B
19,12,C
50,10,C
89,53,A
46,22,C
44,39,B
43,90,B
17,54,C
46,87,B
88,21,B
76,16,B
63,13,C
75,22,B
43,41,B
42,93,B
75,64,B
87,27,B
94,55,A
43,32,C
100,89,A
65,45,B
98,36,B
21,18,C
55,93,A
80,77,A
56,98,A
54,80,B
75,13,B
66,63,B
79,67,A
49,49,B
48,71,B
50,54,B
91,13,B
35,67,B
16,69,B
93,49,A
86,69,A
48,51,B
98,86,A
51,18,C
89,20,B
32,79,B
97,16,B
60,33,B
32,84,B
57,23,B
40,85,B
50,13,C
80,61,A
75,20,B
90,15,B
83,60,A
65,62,B
24,37,C
72,32,B
96,40,B
43,53,B
57,47,B
48,60,B
43,47,B
53,36,B
95,68,A
74,39,B
84,30,B
36,93,B
51,62,B
37,80,B
47,71,B
22,84,B
18,17,C
24,95,B
23,21,C
95,56,A
91,47,B
56,33,B
96,44,A
49,65,B
10,19,C
87,41,B
49,71,B
23,29,C
67,55,B
61,94,A
92,40,B
67,95,A
26,27,C
14,98,B
98,79,A
85,51,B
12,53,C
64,52,B
18,68,B
82,57,B
21,42,C
73,43,B
71,67,B
80,28,B
63,37,B
10,22,C
33,42,C
68,81,A
13,88,B
26,56,B
41,90,B
22,51,C
38,24,C
80,27,B
21,25,C
98,94,A
71,80,A
37,71,B
39,47,B
66,37,B
94,16,B
67,51,B
90,62,A
94,44,B
62,51,B
40,52,B
99,24,B
80,48,B
52,50,B
60,56,B
83,32,B
62,66,B
71,20,B
15,98,B
72,44,B
41,97,B
37,97,B
10,98,B
59,85,A
22,89,B
71,84,A
15,15,C
34,32,C
29,38,C
74,26,B
72,28,B
80,66,A
10,32,C
73,11,B
25,75,B
31,97,B
48,34,B
69,21,B
64,16,B
84,26,B
24,16,C
38,10,C
67,73,A
58,63,B
65,82,A
33,57,B
78,69,A
60,55,B
22,24,C
15,63,C
100,58,A
76,85,A
83,46,B
51,10,C
73,20,B
50,53,B
55,51,B
92,77,A
76,79,A
31,98,B
88,61,A
83,13,B
31,61,B
37,78,B
43,38,B
20,60,B
13,45,C
18,96,B
51,56,B
76,83,A
10,56,C
24,86,B
40,24,C
32,92,B
31,53,B
90,61,A
91,10,B
74,10,B
38,29,C
14,18,C
13,48,C
34,55,B
98,91,A
84,34,B
61,83,A
92,97,A
33,76,B
50,92,A
24,44,C
26,12,C
17,42,C
48,92,A
72,53,B
57,71,B
64,82,A
42,49,B
24,77,B
32,99,B
72,10,B
19,79,B
59,84,A
21,12,C
87,66,A
58,13,C
51,89,A
32,68,B
34,49,B
19,55,C
35,33,C
50,96,A
34,97,B
58,100,A
12,25,C
13,61,C
20,30,C
13,82,B
11,63,C
54,52,B
33,56,B
51,51,B
11,16,C
26,18,C
19,36,C
27,74,B
43,30,C
76,52,B
93,66,A
50,72,B
27,53,B
70,56,B
93,66,A
42,72,B
93,83,A
69,36,B
83,98,A
64,43,B
99,51,A
28,55,B
40,37,C
98,21,B
40,61,B
35,96,B
72,33,B
79,72,A
12,38,C
68,67,B
89,18,B
44,64,B
14,93,B
89,40,B
43,13,C
26,76,B
56,41,B
16,43,C
92,82,A
19,91,B
12,14,C
99,31,B
85,57,A
22,97,B
69,17,B
29,52,B
98,77,A
37,84,B
74,27,B
66,45,B
16,84,B
62,49,B
56,40,B
55,38,B
95,75,A
36,25,C
75,47,B
87,35,B
19,68,B
42,40,B
13,10,C
36,26,C
72,23,B
72,38,B
32,22,C
21,48,C
53,23,C
96,70,A
19,39,C
85,84,A
19,28,C
84,18,B
38,79,B
70,63,B
52,41,B
16,40,C
20,88,B
57,71,B
89,57,A
30,13,C
94,72,A
53,70,B
31,89,B
52,57,B
93,17,B
66,55,B
39,45,B
38,70,B
25,36,C
66,20,B
23,64,B
99,89,A
40,70,B
100,81,A
86,64,A
83,12,B
26,82,B
80,92,A
82,79,A
59,61,B
56,60,B
79,10,B
98,33,B
75,43,B
90,91,A
67,40,B
10,45,C
72,68,A
13,40,C
32,91,B
80,25,B
44,20,C
50,91,A
97,15,B
68,25,B
64,10,C
56,83,B
25,12,C
38,65,B
62,61,B
82,60,A
67,21,B
25,37,C
81,82,A
57,71,B
18,70,B
98,26,B
17,91,B
52,62,B
68,19,B
10,12,C
52,34,B
96,44,A
55,97,A
94,86,A
79,46,B
95,17,B
15,43,C
99,74,A
61,34,B
85,24,B
42,84,B
50,13,C
30,23,C
46,82,B
93,48,A
71,55,B
65,71,B
32,20,C
59,63,B
48,95,A
87,90,A
74,99,A
63,86,A
95,47,A
18,25,C
26,90,B
77,11,B
43,74,B
18,66,B
87,55,A
82,100,A
90,53,A
95,40,B
27,23,C
79,94,A
53,59,B
26,43,C
25,23,C
20,75,B
26,32,C
25,75,B
100,62,A
87,42,B
84,56,A
21,18,C
75,96,A
31,22,C
33,92,B
100,82,A
14,64,C
39,59,B
45,86,B
74,18,B
78,55,B
25,26,C
35,95,B
13,67,B
53,65,B
92,45,B
79,19,B
42,76,B
90,84,A
11,88,B
91,26,B
16,28,C
48,91,B
20,40,C
50,61,B
11,21,C
61,55,B
52,85,B
78,57,B
83,98,A
72,35,B
38,95,B
70,15,B
36,72,B
10,93,B
84,53,B
42,76,B
12,39,C
59,12,C
81,10,B
41,11,C
33,97,B
94,61,A
44,99,A
78,63,A
93,92,A
94,67,A
46,74,B
72,87,A
80,89,A
20,67,B
81,35,B
92,79,A
94,79,A
38,13,C
96,31,B
40,14,C
26,19,C
17,11,C
45,46,B
70,75,A
24,49,C
71,91,A
95,77,A
44,50,B
42,78,B
97,62,A
21,49,C
19,72,B
69,74,A
77,45,B
90,32,B
49,34,B
86,61,A
100,66,A
17,79,B
88,20,B
46,12,C
41,68,B
40,38,C
83,84,A
76,69,A
18,76,B
94,58,A
13,77,B
80,47,B
59,15,C
53,82,B
88,38,B
42,50,B
69,76,A
79,96,A
61,89,A
70,15,B
10,80,B
36,14,C
74,48,B
11,41,C
61,77,B
69,36,B
75,38,B
17,67,B
34,40,C
40,27,C
92,35,B
38,63,B
94,42,B
67,85,A
13,34,C
37,37,C
60,24,B
91,86,A
64,21,B
96,72,A
12,75,B
93,13,B
47,88,B
11,73,B
31,90,B
49,28,C
96,58,A
62,78,A
35,38,C
75,37,B
15,71,B
100,83,A
97,76,A
12,27,C
73,10,B
80,13,B
69,31,B
74,18,B
29,10,C
49,12,C
74,100,A
68,52,B
33,59,B
55,35,B
66,54,B
77,13,B
47,58,B
17,89,B
51,86,B
97,55,A
90,78,A
28,79,B
11,87,B
33,28,C
64,33,B
31,11,C
79,79,A
25,46,C
48,18,C
24,80,B
75,74,A
84,45,B
76,54,B
37,16,C
23,47,C
23,80,B
98,29,B
92,39,B
33,11,C
27,26,C
10,74,B
72,60,B
39,81,B
61,43,B
21,92,B
97,50,A
83,86,A
95,74,A
49,64,B
98,56,A
96,95,A
83,76,A
57,81,B
69,14,B
86,19,B
72,86,A
99,23,B
90,44,B
24,84,B
73,96,A
58,93,A
19,100,B
85,11,B
75,45,B
81,47,B
30,24,C
35,64,B
12,86,B
80,26,B
45,27,C
28,46,C
63,24,B
45,18,C
15,77,B
22,76,B
82,98,A
82,31,B
73,10,B
98,51,A
19,47,C
68,15,B
50,53,B
30,17,C
86,11,B
54,10,C
42,23,C
32,99,B
82,73,A
75,93,A
45,68,B
12,22,C
12,11,C
63,37,B
75,96,A
13,66,C
94,32,B
59,70,B
53,59,B
29,83,B
35,96,B
86,72,A
94,51,A
81,21,B
78,43,B
41,84,B
12,58,C
48,24,C
10,12,C
98,41,B
14,79,B
72,36,B
95,14,B
66,89,A
73,14,B
78,13,B
34,84,B
10,92,B
92,77,A
58,29,B
89,44,B
88,11,B
55,70,B
15,12,C
20,79,B
81,91,A
72,15,B
28,17,C
49,84,B
39,98,B
59,22,B
99,70,A
66,15,B
42,68,B
72,43,B
50,58,B
31,33,C
60,44,B
97,93,A
87,70,A
53,83,B
27,100,B
34,70,B
55,69,B
58,81,B
83,55,B
35,23,C
72,81,A
69,75,A
33,30,C
31,72,B
81,89,A
64,94,A
18,91,B
73,80,A
82,51,B
50,29,C
81,53,B
67,56,B
57,33,B
57,37,B
78,23,B
76,82,A
29,70,B
84,68,A
73,62,B
54,32,B
88,61,A
93,91,A
72,37,B
55,75,B
94,93,A
54,28,B
29,50,C
94,43,B
22,60,B
61,88,A
83,82,A
89,60,A
24,79,B
61,55,B
67,93,A
53,61,B
75,20,B
10,44,C
68,30,B
76,57,B
90,33,B
61,53,B
55,30,B
17,37,C
79,14,B
27,92,B
13,44,C
59,46,B
72,77,A
67,60,B
81,23,B
39,46,B
12,92,B
16,10,C
70,66,B
37,54,B
91,12,B
69,65,B
50,100,A
26,21,C
79,77,A
18,33,C
11,80,B
13,67,B
94,69,A
100,59,A
90,65,A
19,72,B
99,34,B
40,53,B
98,77,A
94,38,B
82,80,A
40,39,C
11,66,C
39,74,B
28,80,B
47,76,B
50,53,B
10,55,C
70,20,B
13,61,C
47,36,B
71,40,B
37,10,C
75,75,A
23,97,B
54,67,B
55,18,C
51,86,B
29,14,C
12,95,B
27,19,C
67,12,C
12,17,C
51,20,C
68,60,B
85,19,B
91,73,A
18,48,C
22,45,C
50,43,B
92,56,A
22,100,B
73,67,A
17,11,C
63,13,C
58,32,B
58,89,A
20,59,C
100,88,A
31,30,C
84,54,B
52,26,C
19,45,C
61,22,B
23,19,C
35,54,B
23,99,B
85,65,A
78,84,A
24,94,B
42,95,B
72,33,B
28,30,C
79,27,B
60,89,A
70,83,A
76,25,B
90,17,B
14,43,C
60,79,B
95,41,B
47,40,B
98,91,A
39,63,B
98,61,A
26,31,C
43,48,B
15,32,C
34,24,C
69,70,B
45,32,C
39,28,C
33,61,B
13,20,C
81,79,A
74,49,B
71,91,A
35,77,B
44,44,B
78,52,B
86,85,A
37,73,B
43,92,B
42,62,B
99,87,A
92,36,B
70,80,A
45,74,B
46,43,B
22,19,C
92,33,B
40,35,C
45,35,B
32,19,C
75,61,B
52,100,A
32,81,B
56,24,B
23,75,B
31,67,B
36,73,B
24,83,B
67,63,B
99,92,A
78,24,B
74,65,B
68,82,A
61,24,B
40,93,B
56,93,A
62,52,B
82,19,B
85,23,B
17,52,C
55,51,B
44,37,B
99,78,A
60,30,B
40,59,B
67,19,B
15,23,C
40,70,B
38,77,B
51,14,C
85,33,B
93,97,A
86,100,A
35,76,B
22,71,B
17,23,C
49,85,B
56,59,B
34,66,B
38,87,B
39,68,B
99,91,A
20,53,C
70,14,B
64,44,B
44,85,B
12,73,B
12,63,C
80,69,A
62,49,B
28,59,B
32,42,C
66,70,B
91,12,B
99,78,A
32,75,B
50,72,B
36,24,C
24,25,C
54,84,B
83,22,B
38,99,B
56,89,A
99,65,A
31,49,B
62,55,B
41,99,A
18,17,C
69,13,B
45,33,C
87,29,B
72,34,B
46,48,B
77,76,A
66,17,B
67,97,A
20,33,C
50,94,A
77,87,A
30,37,C
93,13,B
57,58,B
22,31,C
34,38,C
91,61,A
58,83,A
82,96,A
52,89,A
23,45,C
19,20,C
55,91,A
23,28,C
25,12,C
42,90,B
76,72,A
42,13,C
72,80,A
93,54,A
61,79,A
26,60,B
20,83,B
16,63,C
43,39,B
88,34,B
64,16,B
89,98,A
96,50,A
65,84,A
12,21,C
12,57,C
41,97,B
92,81,A
31,29,C
48,21,C
49,14,C
52,38,B
99,35,B
81,75,A
26,18,C
86,67,A
95,39,B
19,89,B
84,80,A
58,18,C
44,71,B
52,17,C
99,91,A
69,74,A
47,81,B
71,51,B
99,79,A
55,96,A
99,54,A
41,55,B
51,19,C
98,75,A
55,99,A
33,89,B
54,20,C
23,57,B
37,58,B
29,23,C
68,33,B
45,47,B
28,95,B
95,62,A
43,31,C
89,79,A
51,47,B
70,48,B
60,38,B
95,41,B
12,81,B
81,16,B
76,49,B
45,33,C
21,53,C
76,56,B
58,66,B
36,78,B
98,62,A
17,55,C
14,17,C
19,83,B
100,76,A
55,57,B
28,35,C
74,16,B
10,83,B
61,96,A
86,58,A
16,39,C
46,29,C
53,20,C
10,93,B
86,21,B
47,16,C
25,74,B
55,57,B
97,50,A
50,33,B
70,49,B
19,85,B
28,60,B
74,45,B
39,20,C
36,83,B
72,39,B
73,88,A
60,78,B
36,92,B
91,40,B
26,13,C
39,55,B
68,50,B
16,10,C
97,75,A
77,26,B
87,88,A
82,64,A
29,46,C
81,63,A
11,18,C
96,56,A
22,25,C
29,75,B
60,10,C
40,14,C
57,55,B
32,51,B
20,78,B
19,41,C
54,56,B
17,37,C
25,86,B
96,56,A
59,21,B
21,96,B
78,95,A
52,22,C
19,72,B
91,22,B
67,37,B
67,64,B
75,38,B
30,76,B
96,99,A
61,15,C
47,14,C
62,36,B
59,87,A
73,50,B
34,16,C
100,27,B
90,71,A
19,18,C
41,23,C
24,43,C
24,21,C
10,86,B
27,38,C
58,88,A
63,94,A
22,20,C
19,82,B
54,94,A
54,38,B
39,42,B
34,53,B
57,55,B
99,49,A
36,39,C
29,33,C
66,95,A
82,32,B
47,13,C
61,66,B
16,75,B
69,39,B
87,65,A
66,34,B
71,42,B
53,73,B
36,97,B
35,17,C
40,19,C
85,33,B
23,32,C
41,83,B
25,41,C
45,53,B
61,99,A
47,93,A
99,47,A
72,70,A
27,62,B
63,77,A
78,21,B
67,33,B
42,34,C
37,42,C
30,49,C
39,78,B
49,47,B
51,98,A
30,94,B
89,91,A
36,53,B
29,87,B
87,63,A
82,45,B
73,70,A
80,74,A
65,62,B
97,84,A
48,52,B
98,58,A
32,70,B
95,47,A
84,77,A
51,48,B
45,33,C
12,84,B
15,38,C
54,74,B
64,13,C
66,47,B
12,35,C
34,40,C
71,23,B
96,83,A
67,43,B
29,66,B
98,47,A
72,16,B
34,100,B
83,81,A
73,25,B
95,17,B
23,62,B
62,21,B
44,62,B
21,40,C
37,35,C
62,63,B
39,11,C
30,38,C
25,71,B
72,40,B
71,62,B
91,20,B
95,44,B
90,16,B
93,95,A
56,28,B
99,47,A
60,44,B
53,47,B
28,61,B
52,24,C
48,61,B
86,43,B
17,65,B
46,51,B
79,80,A
85,52,B
70,53,B
45,90,B
85,38,B
71,40,B
54,83,B
27,73,B
19,54,C
38,26,C
61,33,B
56,12,C
11,86,B
58,67,B
82,35,B
35,86,B
95,68,A
50,68,B
63,35,B
52,89,A
100,83,A
44,54,B
68,39,B
40,83,B
82,81,A
88,39,B
81,70,A
37,13,C
28,10,C
95,76,A
30,83,B
63,92,A
29,100,B
80,44,B
53,23,C
64,90,A
68,27,B
11,55,C
35,71,B
13,68,B
91,29,B
21,92,B
51,39,B
30,46,C
17,64,B
70,36,B
95,87,A
14,43,C
78,17,B
15,41,C
32,22,C
55,65,B
18,60,C
54,54,B
32,19,C
44,12,C
11,27,C
97,21,B
78,37,B
58,69,B
79,35,B
14,43,C
39,61,B
14,11,C
17,100,B
97,69,A
22,52,C
53,100,A
84,71,A
14,74,B
28,67,B
58,92,A
93,49,A
82,43,B
87,77,A
33,93,B
64,21,B
67,35,B
67,39,B
76,77,A
93,11,B
24,54,C
98,83,A
97,25,B
14,86,B
25,92,B
95,10,B
28,45,C
14,85,B
24,99,B
14,73,B
91,10,B
14,95,B
65,84,A
51,16,C
98,81,A
77,17,B
50,88,B
89,50,B
49,11,C
65,52,B
25,86,B
30,84,B
25,13,C
52,75,B
36,81,B
68,73,A
87,86,A
88,15,B
11,39,C
25,39,C
22,55,C
49,28,C
25,91,B
11,48,C
17,83,B
98,24,B
59,68,B
14,93,B
63,75,B
29,89,B
51,43,B
61,74,B
26,33,C
89,58,A
78,87,A
93,81,A
91,35,B
61,51,B
16,90,B
95,60,A
42,40,B
83,92,A
86,35,B
59,19,C
70,33,B
16,27,C
41,11,C
82,61,A
100,52,A
92,68,A
53,95,A
46,54,B
99,90,A
30,32,C
13,91,B
13,33,C
82,45,B
78,25,B
65,43,B
84,80,A
56,83,B
47,52,B
59,48,B
91,37,B
71,27,B
80,56,B
32,53,B
65,34,B
78,47,B
41,23,C
10,66,C
54,32,B
65,94,A
75,25,B
89,97,A
23,15,C
10,42,C
95,81,A
76,32,B
83,26,B
45,61,B
88,12,B
29,73,B
22,62,B
12,65,C
93,69,A
83,80,A
28,39,C
65,20,B
55,58,B
61,63,B
65,14,C
71,38,B
75,97,A
31,39,C
88,63,A
36,22,C
26,84,B
92,41,B
14,29,C
69,21,B
73,34,B
78,69,A
88,81,A
53,98,A
10,72,B
43,22,C
28,93,B
28,78,B
65,79,A
17,57,C
27,43,C
35,73,B
41,60,B
57,63,B
100,23,B
96,19,B
29,27,C
34,92,B
11,96,B
75,49,B
17,14,C
89,31,B
33,92,B
93,58,A
76,50,B
100,100,A
75,76,A
85,75,A
52,12,C
40,96,B
53,94,A
57,22,C
70,27,B
31,38,C
21,16,C
12,67,C
15,28,C
87,68,A
19,49,C
46,23,C
19,68,B
15,78,B
81,96,A
82,42,B
19,42,C
32,41,C
43,10,C
81,99,A
13,70,B
13,56,C
17,14,C
100,23,B
64,74,B
10,13,C
58,78,B
24,46,C
43,88,B
26,51,C
78,83,A
96,40,B
89,25,B
41,22,C
60,99,A
11,75,B
93,26,B
62,65,B
15,68,B
30,76,B
42,70,B
15,14,C
62,56,B
65,58,B
20,74,B
70,62,B
87,75,A
96,44,A
63,19,B
13,14,C
15,13,C
56,59,B
93,78,A
67,12,C
96,78,A
64,31,B
100,25,B
23,60,B
71,96,A
32,80,B
89,11,B
10,97,B
69,57,B
77,97,A
77,15,B
54,94,A
36,57,B
90,78,A
83,26,B
34,54,B
55,15,C
37,88,B
100,38,B
93,29,B
14,27,C
58,81,B
94,33,B
87,85,A
50,98,A
83,37,B
37,93,B
47,70,B
15,18,C
90,52,A
70,100,A
88,90,A
54,46,B
18,99,B
17,81,B
58,15,C
57,84,A
56,25,B
89,23,B
84,34,B
91,56,A
75,67,A
90,83,A
48,63,B
28,20,C
86,68,A
56,59,B
28,32,C
86,69,A
42,81,B
24,13,C
73,32,B
18,64,B
26,93,B
31,88,B
45,41,B
90,72,A
85,92,A
58,35,B
27,83,B
36,58,B
16,88,B
32,82,B
46,40,B
44,36,B
98,45,A
98,100,A
65,52,B
67,22,B
40,93,B
11,17,C
10,93,B
45,59,B
48,99,A
49,39,B
37,28,C
97,62,A
100,57,A
51,58,B
32,13,C
90,26,B
76,96,A
54,56,B
61,46,B
45,57,B
48,28,C
69,94,A
36,37,C
56,35,B
38,84,B
39,65,B
20,57,C
42,15,C
92,64,A
96,89,A
43,81,B
19,25,C
68,36,B
12,48,C
56,13,C
10,35,C
82,87,A
89,100,A
34,92,B
69,74,A
28,43,C
82,44,B
99,91,A
65,23,B
79,99,A
38,74,B
93,92,A
60,91,A
82,97,A
81,13,B
19,13,C
73,37,B
75,90,A
10,70,B
11,51,C
88,95,A
11,88,B
84,49,B
97,70,A
40,41,B
21,33,C
34,44,C
53,41,B
70,26,B
35,15,C
54,98,A
37,89,B
67,94,A
18,13,C
71,15,B
47,37,B
77,83,A
88,19,B
33,12,C
84,51,B
90,85,A
14,36,C
91,99,A
50,37,B
62,100,A
20,55,C
37,21,C
28,73,B
98,64,A
79,80,A
75,26,B
34,95,B
61,44,B
44,74,B
100,14,B
95,38,B
99,48,A
86,18,B
36,88,B
91,13,B
32,23,C
21,29,C
91,14,B
69,41,B
45,48,B
90,13,B
65,74,B
81,48,B
73,66,B
51,96,A
85,62,A
21,35,C
86,62,A
31,89,B
88,82,A
11,20,C
81,17,B
30,73,B
51,24,C
98,75,A
48,98,A
52,71,B
84,74,A
59,14,C
10,95,B
48,65,B
40,54,B
21,16,C
72,65,B
54,48,B
23,69,B
33,65,B
52,34,B
97,93,A
27,39,C
47,85,B
40,19,C
71,28,B
30,39,C
64,81,A
53,59,B
21,14,C
97,57,A
82,82,A
24,67,B
88,62,A
99,41,A
53,83,B
42,67,B
54,65,B
92,89,A
55,49,B
81,49,B
83,55,B
88,38,B
76,62,B
67,38,B
27,36,C
51,79,B
12,21,C
31,85,B
30,71,B
76,18,B
77,39,B
67,64,B
64,53,B
36,84,B
81,79,A
83,24,B
61,29,B
31,46,C
94,17,B
83,96,A
40,84,B
38,27,C
27,59,B
26,84,B
23,48,C
82,93,A
19,53,C
53,48,B
38,53,B
26,10,C
14,65,C
31,54,B
30,32,C
48,78,B
12,60,C
98,94,A
45,84,B
26,98,B
92,100,A
56,63,B
71,28,B
29,37,C
49,23,C
29,24,C
77,68,A
30,21,C
31,61,B
83,54,B
46,30,C
100,64,A
68,36,B
75,59,B
90,86,A
36,81,B
57,50,B
49,31,B
60,87,A
72,61,B
77,45,B
83,47,B
73,58,B
60,50,B
31,62,B
26,36,C
39,48,B
64,64,B
91,56,A
49,51,B
54,81,B
76,60,B
88,24,B
63,76,B
79,32,B
45,75,B
76,59,B
23,68,B
64,10,C
79,23,B
92,99,A
46,17,C
46,54,B
11,50,C
31,54,B
29,34,C
15,38,C
20,64,B
67,94,A
22,35,C
38,64,B
76,75,A
88,83,A
58,30,B
60,65,B
28,52,B
24,69,B
51,29,B
13,57,C
28,90,B
72,65,B
82,48,B
75,23,B
58,90,A
19,33,C
33,78,B
48,33,B
14,51,C
99,30,B
84,20,B
12,24,C
54,89,A
87,75,A
98,83,A
54,22,C
47,64,B
79,76,A
88,31,B
49,68,B
35,50,B
16,28,C
35,42,C
79,54,B
39,82,B
46,12,C
79,90,A
27,15,C
99,53,A
71,10,B
37,40,C
87,64,A
21,19,C
63,55,B
80,76,A
40,21,C
70,100,A
65,43,B
52,77,B
25,39,C
59,76,B
27,77,B
23,28,C
97,23,B
16,57,C
36,12,C
12,28,C
64,19,B
89,71,A
71,52,B
28,22,C
83,11,B
84,49,B
46,83,B
11,92,B
45,82,B
28,60,B
54,26,B
86,27,B
18,17,C
36,74,B
13,55,C
81,31,B
20,58,C
93,68,A
60,84,A
72,80,A
25,35,C
87,57,A
52,77,B
21,100,B
29,14,C
39,56,B
15,19,C
12,95,B
95,40,B
97,35,B
43,69,B
32,33,C
98,66,A
21,29,C
94,50,A
69,94,A
28,69,B
65,89,A
34,81,B
26,90,B
93,24,B
68,59,B
82,62,A
54,23,C
23,72,B
76,89,A
52,54,B
41,96,B
85,85,A
17,84,B
87,35,B
65,27,B
32,98,B
80,86,A
14,47,C
12,77,B
92,59,A
82,50,B
91,29,B
26,69,B
21,55,C
67,83,A
92,37,B
73,20,B
92,64,A
35,63,B
74,22,B
30,39,C
41,46,B
95,91,A
62,41,B
72,75,A
97,41,B
79,70,A
75,37,B
24,85,B
29,35,C
52,63,B
19,18,C
49,97,A
87,35,B
48,70,B
58,18,C
20,76,B
70,76,A
63,71,B
29,20,C
23,19,C
61,71,B
77,82,A
71,16,B
14,56,C
83,97,A
42,19,C
99,21,B
40,59,B
74,46,B
79,97,A
74,96,A
33,63,B
11,67,C
50,34,B
10,70,B
44,41,B
25,19,C
86,72,A
83,100,A
21,16,C
87,13,B
71,16,B
41,73,B
96,94,A
23,77,B
61,80,A
75,10,B
46,99,A
71,19,B
25,17,C
68,70,B
86,95,A
93,94,A
13,23,C
87,31,B
42,83,B
21,15,C
43,47,B
94,95,A
91,15,B
15,74,B
67,42,B
78,65,A
24,84,B
59,64,B
16,51,C
46,66,B
45,48,B
40,34,C
66,51,B
32,45,C
67,45,B
37,54,B
34,40,C
60,17,C
68,99,A
100,25,B
93,20,B
94,61,A
88,62,A
14,92,B
73,39,B
69,76,A
57,38,B
50,99,A
12,29,C
97,81,A
30,52,B
92,57,A
70,17,B
23,53,C
80,74,A
98,89,A
36,83,B
24,36,C
20,54,C
74,96,A
78,29,B
59,78,B
29,80,B
22,74,B
39,71,B
81,23,B
79,41,B
42,90,B
78,42,B
63,28,B
50,79,B
71,66,B
82,51,B
24,42,C
46,31,C
50,14,C
61,58,B
55,13,C
36,77,B
90,27,B
46,92,B
42,48,B
11,46,C
18,40,C
60,45,B
50,10,C
13,47,C
50,89,B
64,75,B
56,93,A
34,84,B
20,73,B
35,54,B
46,23,C
57,25,B
70,16,B
38,25,C
51,22,C
93,21,B
45,38,B
40,69,B
49,96,A
91,53,A
67,73,A
80,29,B
94,44,B
36,55,B
73,20,B
47,98,A
58,16,C
27,15,C
99,94,A
27,77,B
98,36,B
82,100,A
